month,N,RMSE,MAE,MAPE_%,Bias,Mean_load
1,814.0,158.46481847596365,126.25208506783599,0.19852825366663102,-9.024444843853908,63647.42628992629
2,1344.0,187.72353378884833,142.60712945783666,0.24098213674733626,-7.231759221090686,59455.040922619046
3,1486.0,270.3606395077767,187.23327268917387,0.34610452473524655,14.78239734027403,53726.36944818304
4,1440.0,205.83767389787897,158.67518105685775,0.3406846610367695,2.5312377506582835,46612.72638888889
5,1488.0,185.56937053802002,145.1650077024832,0.33962692244557424,12.48573798798823,43436.26276881721
6,1440.0,180.22854584694977,142.6591368224137,0.31599452791559646,14.526983594874991,45708.54583333333
7,1488.0,326.0531773257079,251.13509927628613,0.5535915294563348,11.930111829965425,45334.7748655914
8,1488.0,328.656283528358,245.2144812894636,0.5816708869908014,17.830087718137932,42015.68884408602
9,1251.0,342.9805040502106,253.10377236298922,0.5926042521116838,14.646512292094762,42589.24620303757
