index_2026,index_2025,distance,residual_2026,abs_error_2026,residual_2025,abs_error_2025
2026-02-07 15:30:00+00:00,2025-07-18 05:00:00+00:00,2.231339594904054,74.39198882308119,74.39198882308119,-179.58544641089975,179.58544641089975
2026-02-10 06:30:00+00:00,2025-07-03 08:30:00+00:00,2.704297977527619,35.077144946029875,35.077144946029875,-97.90692658081389,97.90692658081389
2026-02-11 04:30:00+00:00,2025-06-25 08:30:00+00:00,2.5808646221731997,-89.30374365647003,89.30374365647003,103.66639747111913,103.66639747111913
2026-02-11 06:30:00+00:00,2025-07-02 07:30:00+00:00,2.6219321755160787,-60.16380722403119,60.16380722403119,-158.14634113164357,158.14634113164357
2026-02-11 23:00:00+00:00,2025-06-26 09:30:00+00:00,2.5564916447590935,438.5684993502,438.5684993502,115.55849596475309,115.55849596475309
2026-02-12 05:30:00+00:00,2025-06-25 07:00:00+00:00,2.583026797929075,-40.38576516891044,40.38576516891044,35.123642258913605,35.123642258913605
2026-02-12 06:00:00+00:00,2025-06-26 06:30:00+00:00,2.596222208949859,-155.1914001972691,155.1914001972691,-175.11339992027933,175.11339992027933
2026-02-13 04:30:00+00:00,2025-07-17 07:00:00+00:00,2.4990500371329074,104.64426620470476,104.64426620470476,5.6965976921783295,5.6965976921783295
2026-02-13 05:00:00+00:00,2025-07-17 06:00:00+00:00,2.508930960109286,41.86376887118968,41.86376887118968,63.07675048847159,63.07675048847159
2026-02-16 01:30:00+00:00,2025-07-04 09:30:00+00:00,2.54127262591643,-190.51915312506026,190.51915312506026,91.13038013414916,91.13038013414916
2026-02-21 11:30:00+00:00,2025-07-03 04:00:00+00:00,2.364588932148018,-31.472897941435804,31.472897941435804,80.08062504796544,80.08062504796544
2026-02-21 14:30:00+00:00,2025-06-26 05:00:00+00:00,2.444466122176054,-90.1133114137483,90.1133114137483,-53.209180529767764,53.209180529767764
2026-02-22 09:00:00+00:00,2025-06-27 23:00:00+00:00,2.297317359240149,-498.65792164390587,498.65792164390587,61.70693464683427,61.70693464683427
2026-02-22 14:30:00+00:00,2025-06-28 00:00:00+00:00,2.1517748838019304,101.25748893961281,101.25748893961281,-147.536881867185,147.536881867185
2026-02-26 01:30:00+00:00,2025-07-11 21:00:00+00:00,2.6786018099411217,-52.727443369774846,52.727443369774846,-68.64446159648651,68.64446159648651
2026-02-26 05:00:00+00:00,2025-07-11 22:00:00+00:00,2.6893934903263235,-145.2982138788575,145.2982138788575,54.93505502407788,54.93505502407788
2026-02-26 08:00:00+00:00,2025-07-03 00:00:00+00:00,2.683841559210168,-102.99516091688565,102.99516091688565,-210.05344773828983,210.05344773828983
2026-02-26 13:30:00+00:00,2025-07-19 05:30:00+00:00,2.301122679409697,141.79138771131693,141.79138771131693,1.9595001759007573,1.9595001759007573
2026-02-26 14:30:00+00:00,2025-06-28 06:30:00+00:00,2.302288213974644,-551.4533667268333,551.4533667268333,190.95447687384876,190.95447687384876
2026-02-27 16:30:00+00:00,2025-07-26 10:00:00+00:00,1.9522136953060523,171.4582038651788,171.4582038651788,76.73485477863869,76.73485477863869
2026-03-07 16:30:00+00:00,2025-07-27 12:00:00+00:00,1.7768774349278795,-55.992175284387486,55.992175284387486,-11.340744058070413,11.340744058070413
2026-03-09 22:00:00+00:00,2025-07-10 11:30:00+00:00,2.0229867506739234,-68.1090769574148,68.1090769574148,76.9510717129524,76.9510717129524
2026-03-10 17:00:00+00:00,2025-08-29 11:30:00+00:00,2.33974419043096,-15.589381661593507,15.589381661593507,119.06488244843058,119.06488244843058
2026-03-12 21:30:00+00:00,2025-07-11 08:00:00+00:00,2.364231442891621,93.36285065481934,93.36285065481934,210.29414953003288,210.29414953003288
2026-03-13 21:30:00+00:00,2025-07-11 07:00:00+00:00,2.3154945230661728,-117.39826791633095,117.39826791633095,111.31503592582885,111.31503592582885
2026-03-20 16:30:00+00:00,2025-07-27 10:00:00+00:00,1.765243210580121,-33.060748676965886,33.060748676965886,-20.13571245264029,20.13571245264029
2026-03-23 16:30:00+00:00,2025-08-28 11:30:00+00:00,2.359866482411338,4.888064850376395,4.888064850376395,-187.2733017621431,187.2733017621431
2026-03-24 00:30:00+00:00,2025-07-11 11:00:00+00:00,1.7682118273780307,-42.804861210090166,42.804861210090166,250.66028692198597,250.66028692198597
2026-03-27 16:30:00+00:00,2025-07-11 04:30:00+00:00,2.24064725819379,-3.06141665148607,3.06141665148607,-49.60142150449974,49.60142150449974
2026-03-28 11:00:00+00:00,2025-07-04 03:00:00+00:00,2.1613753807342486,388.8479692785113,388.8479692785113,-59.98266062753828,59.98266062753828
2026-03-28 16:30:00+00:00,2025-07-12 23:00:00+00:00,2.2213538151977237,-286.5412149113108,286.5412149113108,-113.56879466740065,113.56879466740065
2026-04-04 04:30:00+00:00,2025-07-09 08:00:00+00:00,2.6445804056496662,19.954630293948867,19.954630293948867,47.22361213134718,47.22361213134718
2026-04-04 15:00:00+00:00,2025-06-15 09:00:00+00:00,1.995832380352481,16.115370796127536,16.115370796127536,-41.44261320361693,41.44261320361693
2026-04-05 14:30:00+00:00,2025-06-07 00:00:00+00:00,2.2683250044378256,74.35476613567153,74.35476613567153,-175.33892903033848,175.33892903033848
2026-04-05 16:00:00+00:00,2025-06-01 22:00:00+00:00,2.262597255593291,-417.02185928297695,417.02185928297695,-214.78182812600426,214.78182812600426
2026-04-09 16:00:00+00:00,2025-05-26 21:00:00+00:00,2.45320039296537,137.9879242818788,137.9879242818788,-86.49505560706166,86.49505560706166
2026-04-10 01:30:00+00:00,2025-05-02 21:00:00+00:00,2.9608592726448726,-295.2499393566395,295.2499393566395,-46.82429529147339,46.82429529147339
2026-04-10 21:00:00+00:00,2025-05-01 12:30:00+00:00,2.7059752853854633,-175.38001088637247,175.38001088637247,-165.16491022886476,165.16491022886476
2026-04-13 20:30:00+00:00,2025-09-17 10:30:00+00:00,2.715399376143499,-11.694678140229371,11.694678140229371,-263.68105692281824,263.68105692281824
2026-04-14 05:30:00+00:00,2025-09-26 11:00:00+00:00,2.8113900022469203,94.67603805392719,94.67603805392719,150.0783486704313,150.0783486704313
2026-04-17 15:30:00+00:00,2025-06-08 09:00:00+00:00,1.893721209239069,110.31891932021244,110.31891932021244,-226.85057363656233,226.85057363656233
2026-04-17 16:00:00+00:00,2025-06-08 10:00:00+00:00,1.8716999676323622,25.15905525868584,25.15905525868584,-110.66940075872117,110.66940075872117
2026-04-18 00:30:00+00:00,2025-05-02 10:30:00+00:00,2.7083927190755204,-82.87254434178612,82.87254434178612,46.72387593793974,46.72387593793974
2026-04-18 10:00:00+00:00,2025-06-05 15:30:00+00:00,2.8468483311602992,46.10790061148873,46.10790061148873,-123.68296836874651,123.68296836874651
2026-04-18 15:30:00+00:00,2025-05-04 16:00:00+00:00,1.8488746798458406,99.49353803971462,99.49353803971462,-88.0697025856789,88.0697025856789
2026-04-18 16:00:00+00:00,2025-05-04 17:30:00+00:00,1.834114624952363,-264.03107616749185,264.03107616749185,106.75002407088323,106.75002407088323
2026-04-20 15:00:00+00:00,2025-05-21 18:00:00+00:00,2.6911327674765975,-182.18947077797202,182.18947077797202,38.38888863710599,38.38888863710599
2026-04-22 14:30:00+00:00,2025-04-19 10:00:00+00:00,2.5326384175194208,186.09697652557225,186.09697652557225,-125.200671777151,125.200671777151
2026-04-23 23:00:00+00:00,2025-04-05 11:00:00+00:00,2.4348661127563864,459.45107220852515,459.45107220852515,65.36677563627745,65.36677563627745
2026-04-25 08:00:00+00:00,2025-05-22 14:30:00+00:00,2.933190952650512,-3.475486902258126,3.475486902258126,87.8902899153909,87.8902899153909
2026-04-27 18:30:00+00:00,2025-04-15 12:00:00+00:00,2.542236781918081,-98.62313171216374,98.62313171216374,-101.88975171090715,101.88975171090715
2026-04-30 20:00:00+00:00,2025-04-12 11:00:00+00:00,2.517846134654635,164.37695939853438,164.37695939853438,-237.24687341963727,237.24687341963727
2026-05-01 10:00:00+00:00,2025-05-07 15:30:00+00:00,2.515013402613222,38.94395139957487,38.94395139957487,-364.7417259682625,364.7417259682625
2026-05-02 14:00:00+00:00,2025-04-13 15:00:00+00:00,1.89693237030654,153.10836880456918,153.10836880456918,186.29818998531846,186.29818998531846
2026-05-07 12:30:00+00:00,2025-04-19 04:30:00+00:00,2.6611504526697103,-24.76273750636028,24.76273750636028,-47.05521814826352,47.05521814826352
2026-05-08 01:00:00+00:00,2025-04-04 23:30:00+00:00,2.8344499036340367,-433.34749151559663,433.34749151559663,267.9614048951844,267.9614048951844
2026-05-08 10:00:00+00:00,2025-05-07 23:30:00+00:00,2.781448913885027,139.56186774653906,139.56186774653906,-48.39806818866782,48.39806818866782
2026-05-08 16:30:00+00:00,2025-05-04 20:30:00+00:00,2.0510208392522755,297.0296411871386,297.0296411871386,-106.60029322471382,106.60029322471382
2026-05-08 20:00:00+00:00,2025-04-05 19:00:00+00:00,2.5264943667062214,99.256944270448,99.256944270448,313.6510976723148,313.6510976723148
2026-05-10 09:30:00+00:00,2025-04-25 20:00:00+00:00,2.9401286378012714,-20.779306465992704,20.779306465992704,121.14723114044318,121.14723114044318
2026-05-11 00:00:00+00:00,2025-04-04 19:00:00+00:00,2.9459282558194597,20.212649494875222,20.212649494875222,40.64486339152063,40.64486339152063
2026-05-14 12:00:00+00:00,2025-05-08 10:00:00+00:00,2.9315164291450126,-247.81330406458437,247.81330406458437,-244.49980176649115,244.49980176649115
2026-05-15 16:30:00+00:00,2025-09-13 15:30:00+00:00,2.4281902596706884,412.9955607557349,412.9955607557349,18.721060135991138,18.721060135991138
2026-05-19 00:00:00+00:00,2025-04-24 11:00:00+00:00,2.4512236257939115,-92.83892542245303,92.83892542245303,201.41558376709145,201.41558376709145
2026-05-19 23:00:00+00:00,2025-04-25 11:00:00+00:00,2.559629648706776,337.89736045818427,337.89736045818427,-144.23964349357993,144.23964349357993
2026-05-20 23:00:00+00:00,2025-04-26 11:00:00+00:00,2.5098533921515576,134.79773658847262,134.79773658847262,-46.48889141352265,46.48889141352265
2026-05-23 08:30:00+00:00,2025-04-16 15:30:00+00:00,2.5026086335997024,344.1084095870174,344.1084095870174,-65.23977128012484,65.23977128012484
2026-05-23 11:00:00+00:00,2025-04-22 15:30:00+00:00,2.3312498871370466,369.83159816870466,369.83159816870466,-36.72933552121685,36.72933552121685
2026-05-23 11:30:00+00:00,2025-04-15 15:30:00+00:00,2.328815074144199,36.514114299257926,36.514114299257926,372.6100606329419,372.6100606329419
2026-05-23 14:00:00+00:00,2025-04-28 13:30:00+00:00,2.0958369132835175,101.00371446907957,101.00371446907957,439.70442489765264,439.70442489765264
2026-05-29 15:30:00+00:00,2025-04-29 00:30:00+00:00,2.2465391782693596,130.3582769867353,130.3582769867353,-93.56526615728944,93.56526615728944
2026-05-30 16:30:00+00:00,2025-04-28 23:00:00+00:00,2.210695959091232,-192.43988359334617,192.43988359334617,176.68088282823737,176.68088282823737
2026-05-31 00:00:00+00:00,2025-03-22 00:00:00+00:00,2.9692738692373815,89.81917687884561,89.81917687884561,-41.55463448541559,41.55463448541559
2026-06-01 06:30:00+00:00,2025-03-29 20:00:00+00:00,2.411141373433607,73.84703146800894,73.84703146800894,-42.59803021078551,42.59803021078551
2026-06-01 08:30:00+00:00,2025-03-29 00:00:00+00:00,2.221972358848662,-324.6448560737481,324.6448560737481,132.2522641893811,132.2522641893811
2026-06-02 00:00:00+00:00,2025-03-26 22:00:00+00:00,2.132169863623347,213.9540748590298,213.9540748590298,20.156407230540935,20.156407230540935
2026-06-05 06:00:00+00:00,2025-04-24 23:30:00+00:00,2.8036603639109776,-197.54802495433978,197.54802495433978,-185.3003594430047,185.3003594430047
2026-06-05 07:00:00+00:00,2025-04-17 00:30:00+00:00,2.7652928302068918,79.9372817321273,79.9372817321273,92.2200916285874,92.2200916285874
2026-06-08 16:30:00+00:00,2025-04-15 18:30:00+00:00,2.400752264726635,139.4975945692495,139.4975945692495,287.962390493507,287.962390493507
2026-06-08 22:00:00+00:00,2025-04-23 11:00:00+00:00,2.348186145390206,229.1508833879925,229.1508833879925,-63.14212718757335,63.14212718757335
2026-06-09 06:30:00+00:00,2025-04-17 17:30:00+00:00,2.439203066586657,-30.212613608040556,30.212613608040556,10.009265100765333,10.009265100765333
2026-06-13 00:00:00+00:00,2025-04-14 08:00:00+00:00,2.766579162693984,-93.67593226232566,93.67593226232566,-336.0945867326009,336.0945867326009
2026-06-13 16:00:00+00:00,2025-04-21 16:00:00+00:00,2.0239723360367705,-172.71556546131615,172.71556546131615,47.43630273533199,47.43630273533199
2026-06-15 21:00:00+00:00,2025-04-22 11:00:00+00:00,2.385493300593027,7.192136862962798,7.192136862962798,-214.04774222068954,214.04774222068954
2026-06-16 00:00:00+00:00,2025-03-26 12:00:00+00:00,2.178151634628085,-51.1149319196702,51.1149319196702,470.0431818518118,470.0431818518118
2026-06-16 07:30:00+00:00,2025-03-12 15:30:00+00:00,2.1251493623272197,65.74568986579106,65.74568986579106,152.9658676488907,152.9658676488907
2026-06-16 23:00:00+00:00,2025-03-25 19:00:00+00:00,2.0534172515214077,146.6360523835101,146.6360523835101,3.967427198746009,3.967427198746009
2026-06-19 05:30:00+00:00,2025-03-26 02:30:00+00:00,2.125337397704311,-41.65745102900837,41.65745102900837,1.2126247814085218,1.2126247814085218
2026-06-19 10:00:00+00:00,2025-04-08 01:30:00+00:00,2.2683539666713535,-82.15488832582923,82.15488832582923,66.02984514811396,66.02984514811396
2026-06-19 20:30:00+00:00,2025-04-08 23:30:00+00:00,2.342169611768947,-237.1865942622171,237.1865942622171,-102.64365245140652,102.64365245140652
2026-06-19 22:00:00+00:00,2025-03-25 01:30:00+00:00,2.183405154572375,136.14800060560083,136.14800060560083,-39.578924959401775,39.578924959401775
2026-06-20 18:30:00+00:00,2025-04-07 00:00:00+00:00,2.2511553673911933,-34.2134816244652,34.2134816244652,-42.43743938347325,42.43743938347325
2026-06-20 21:00:00+00:00,2025-04-07 22:30:00+00:00,2.4347157382091407,-42.749786843058246,42.749786843058246,32.009451494333916,32.009451494333916
2026-06-20 23:00:00+00:00,2025-03-31 23:30:00+00:00,2.5304396994866325,-38.26030708936014,38.26030708936014,-91.22596962800162,91.22596962800162
2026-06-30 06:30:00+00:00,2025-02-26 23:30:00+00:00,2.203456355348698,-194.55018544261839,194.55018544261839,158.92107352646417,158.92107352646417
2026-07-05 22:30:00+00:00,2025-03-31 18:00:00+00:00,2.3411018761903604,-13.33546856805333,13.33546856805333,-1137.8527739918864,1137.8527739918864
2026-07-05 23:00:00+00:00,2025-03-31 18:30:00+00:00,2.3338717316509143,-268.85735550682875,268.85735550682875,-524.3475250689589,524.3475250689589
2026-07-06 00:00:00+00:00,2025-03-31 19:00:00+00:00,2.315337363326101,-97.71460608343477,97.71460608343477,75.90043121165945,75.90043121165945
2026-07-10 06:30:00+00:00,2025-03-25 02:30:00+00:00,2.1372755181028054,87.41019769317063,87.41019769317063,-125.84921475498413,125.84921475498413
2026-07-20 13:30:00+00:00,2025-03-31 21:30:00+00:00,2.4461228101294745,-397.71969525110035,397.71969525110035,-1075.2418043043435,1075.2418043043435
2026-07-21 00:00:00+00:00,2025-03-25 22:00:00+00:00,1.9327958117428667,-334.23555509897415,334.23555509897415,56.924509833617776,56.924509833617776
2026-07-21 06:30:00+00:00,2025-03-28 22:30:00+00:00,2.2833357042884197,-88.38510249126557,88.38510249126557,245.40812443401956,245.40812443401956
2026-07-21 21:00:00+00:00,2025-03-24 22:30:00+00:00,2.2359658321619045,-46.43171741869446,46.43171741869446,16.909733695218165,16.909733695218165
2026-07-28 05:30:00+00:00,2025-03-28 13:00:00+00:00,2.3104420200216835,322.33543828984693,322.33543828984693,138.071468628179,138.071468628179
2026-07-28 08:30:00+00:00,2025-03-17 15:30:00+00:00,2.3821100569946245,-367.92691141818796,367.92691141818796,-229.1721451580015,229.1721451580015
2026-07-28 22:00:00+00:00,2025-03-25 12:00:00+00:00,1.8695773914377687,136.94310877867974,136.94310877867974,173.75944845027698,173.75944845027698
2026-08-24 08:30:00+00:00,2025-03-29 15:00:00+00:00,2.4934860909247725,-682.0276007801658,682.0276007801658,-159.3208429263468,159.3208429263468
2026-08-24 12:30:00+00:00,2025-03-31 17:00:00+00:00,2.535859976743758,433.8143062183226,433.8143062183226,369.49186877185275,369.49186877185275
2026-08-25 06:30:00+00:00,2025-03-26 14:00:00+00:00,2.1460077006122193,352.4415069862225,352.4415069862225,51.82859395250853,51.82859395250853
2026-08-25 07:30:00+00:00,2025-03-12 16:30:00+00:00,2.138484168320766,-862.8069940576024,862.8069940576024,-31.797489315344137,31.797489315344137
2026-08-26 00:30:00+00:00,2025-03-30 18:30:00+00:00,2.6286644290588925,-473.7064800711596,473.7064800711596,-676.9702994960098,676.9702994960098
2026-08-26 05:30:00+00:00,2025-03-29 18:30:00+00:00,2.4959503994135597,-196.42718152000452,196.42718152000452,383.8507715665546,383.8507715665546
2026-08-26 08:00:00+00:00,2025-03-02 17:00:00+00:00,2.278425230789135,-78.58222205752827,78.58222205752827,-87.43283888378937,87.43283888378937
2026-08-29 23:00:00+00:00,2025-03-30 18:00:00+00:00,2.6139148788121793,-399.7185303117876,399.7185303117876,-1594.8303560688,1594.8303560688
2026-09-09 22:00:00+00:00,2025-03-08 18:00:00+00:00,2.9450816784480573,-1.9370377327722963,1.9370377327722963,-201.20524372708314,201.20524372708314
2026-09-21 19:00:00+00:00,2025-04-22 12:00:00+00:00,2.468153143878754,-164.66373729041516,164.66373729041516,415.3433961552146,415.3433961552146
2026-09-22 07:30:00+00:00,2025-04-17 13:00:00+00:00,2.472189758466235,-154.3151593258517,154.3151593258517,-2.8485099310491933,2.8485099310491933
2026-09-23 07:00:00+00:00,2025-04-18 14:00:00+00:00,2.5525523138163617,-481.17605589327286,481.17605589327286,62.88288411301619,62.88288411301619
2026-09-25 06:00:00+00:00,2025-04-10 15:30:00+00:00,2.6129866342785255,-150.68560501930187,150.68560501930187,-66.9804808901099,66.9804808901099
2026-09-25 17:00:00+00:00,2025-04-07 16:30:00+00:00,2.336074417123034,-163.85396106069675,163.85396106069675,-111.65942871078732,111.65942871078732
2026-09-26 08:30:00+00:00,2025-04-09 15:30:00+00:00,2.561924943333517,-315.83362960298837,315.83362960298837,6.333636224313523,6.333636224313523
2026-09-26 11:00:00+00:00,2025-04-08 15:30:00+00:00,2.3587929351544625,46.81347753078444,46.81347753078444,-146.9987152334943,146.9987152334943
