,y_true,prediction,residual,abs_error,squared_error,ape_pct,month,hour,dayofweek,weekday,temperature,temperature_group
2026-09-10 10:00:00+00:00,47589.0,50060.54865263759,-2471.54865263759,2471.54865263759,6108552.742354685,5.193529287519364,9,12,3,Thursday,16.542800438070433,"(16.215, 20.073]"
2026-08-08 09:30:00+00:00,41038.0,38717.70216018409,2320.2978398159103,2320.2978398159103,5383782.06545438,5.654022710209831,8,11,5,Saturday,22.093078622987136,"(20.073, 24.419]"
2026-03-29 11:30:00+00:00,57070.0,59344.204815971556,-2274.204815971556,2274.204815971556,5172007.544988219,3.984939225462688,3,13,6,Sunday,7.44548954374634,"(0.614, 8.326]"
2026-03-29 12:30:00+00:00,54571.0,52326.65336674062,2244.3466332593816,2244.3466332593816,5037091.810222722,4.112709375418046,3,14,6,Sunday,8.663641915488803,"(8.326, 11.821]"
2026-03-29 21:30:00+00:00,55844.0,57875.706437936926,-2031.7064379369258,2031.7064379369258,4127831.0499543515,3.638182146581416,3,23,6,Sunday,8.459779049413282,"(8.326, 11.821]"
2026-09-26 15:30:00+00:00,40281.0,38294.429768541726,1986.570231458274,1986.570231458274,3946461.2845161804,4.931779825372444,9,17,5,Saturday,23.714451654403934,"(20.073, 24.419]"
2026-08-08 09:00:00+00:00,38565.0,40315.70561289194,-1750.705612891943,1750.705612891943,3064970.143011354,4.539623007628531,8,11,5,Saturday,22.093078622987136,"(20.073, 24.419]"
2026-08-08 15:00:00+00:00,43464.0,41837.57787513519,1626.42212486481,1626.42212486481,2645248.928249764,3.741998262619202,8,17,5,Saturday,30.631332805043353,"(24.419, 35.481]"
2026-09-02 15:00:00+00:00,47481.0,45882.528272496034,1598.4717275039657,1598.4717275039657,2555111.8636295125,3.3665502569532353,9,17,2,Wednesday,25.421953096830098,"(24.419, 35.481]"
2026-09-25 11:30:00+00:00,46868.0,48462.86332081693,-1594.8633208169267,1594.8633208169267,2543589.012087195,3.4028832483078575,9,13,4,Friday,20.895323681687184,"(20.073, 24.419]"
2026-09-26 15:00:00+00:00,38663.0,40256.78224019821,-1593.782240198212,1593.782240198212,2540141.8291712315,4.1222415234157,9,17,5,Saturday,23.714451654403934,"(20.073, 24.419]"
2026-08-02 10:30:00+00:00,42726.0,44172.424313410316,-1446.4243134103162,1446.4243134103162,2092143.2944245047,3.3853492332779016,8,12,6,Sunday,24.965220494935068,"(24.419, 35.481]"
2026-08-08 13:00:00+00:00,43555.0,42129.359376110486,1425.6406238895142,1425.6406238895142,2032451.1884840834,3.2731962435759714,8,15,5,Saturday,28.62634227384242,"(24.419, 35.481]"
2026-07-05 11:00:00+00:00,43408.0,44826.76621480727,-1418.7662148072704,1418.7662148072704,2012897.57227855,3.2684440997218727,7,13,6,Sunday,25.534960896826338,"(24.419, 35.481]"
2026-08-02 12:30:00+00:00,42391.0,41039.320514802515,1351.6794851974846,1351.6794851974846,1827037.430703737,3.188600139646351,8,14,6,Sunday,27.910383139682015,"(24.419, 35.481]"
2026-03-29 23:00:00+00:00,53067.0,54391.16136967302,-1324.16136967302,1324.16136967302,1753403.3329343286,2.495263289187292,3,1,0,Monday,7.569393478332745,"(0.614, 8.326]"
2026-03-30 00:30:00+00:00,51410.0,52720.88176484822,-1310.8817648482218,1310.8817648482218,1718411.0014115886,2.5498575468745805,3,2,0,Monday,7.159091251394054,"(0.614, 8.326]"
2026-08-30 15:30:00+00:00,39521.0,38214.314845188084,1306.6851548119157,1306.6851548119157,1707426.09380584,3.3063059001844985,8,17,6,Sunday,23.98492934097593,"(20.073, 24.419]"
2026-09-17 12:30:00+00:00,47621.0,46314.88297672727,1306.1170232727309,1306.1170232727309,1705941.6784828193,2.742733296807566,9,14,3,Thursday,19.04731754928805,"(16.215, 20.073]"
2026-03-29 20:30:00+00:00,55695.0,54441.55199439203,1253.4480056079701,1253.4480056079701,1571131.902762598,2.2505575107423827,3,22,6,Sunday,9.04314790466174,"(8.326, 11.821]"
2026-02-18 18:00:00+00:00,70918.0,72163.79331487107,-1245.7933148710727,1245.7933148710727,1552000.9833774555,1.7566672986703977,2,19,2,Wednesday,9.672673903101423,"(8.326, 11.821]"
2026-03-30 23:00:00+00:00,53693.0,54935.68263554561,-1242.682635545607,1242.682635545607,1544260.1326865756,2.314422057895083,3,1,1,Tuesday,8.964771001175627,"(8.326, 11.821]"
2026-03-29 21:00:00+00:00,56370.0,55147.71728921145,1222.2827107885532,1222.2827107885532,1493975.025092614,2.168321289317994,3,23,6,Sunday,8.459779049413282,"(8.326, 11.821]"
2026-07-21 10:00:00+00:00,50169.0,48956.45747062014,1212.5425293798617,1212.5425293798617,1470259.3855549127,2.41691588307493,7,12,1,Tuesday,20.943754655881193,"(20.073, 24.419]"
2026-09-16 14:00:00+00:00,47417.0,48622.69244753778,-1205.6924475377818,1205.6924475377818,1453694.2780496469,2.542742998371432,9,16,2,Wednesday,21.429601296961216,"(20.073, 24.419]"
2026-09-10 09:30:00+00:00,49082.0,47890.520068850325,1191.4799311496754,1191.4799311496754,1419624.426332435,2.427529300251977,9,11,3,Thursday,14.93751447501933,"(11.821, 16.215]"
2026-09-20 10:00:00+00:00,40762.0,41941.86987237028,-1179.8698723702764,1179.8698723702764,1392092.9157270524,2.8945338118106974,9,12,6,Sunday,18.6725871834622,"(16.215, 20.073]"
2026-08-30 13:30:00+00:00,39761.0,38587.59386391974,1173.4061360802589,1173.4061360802589,1376881.960190803,2.9511484522025575,8,15,6,Sunday,22.787788954578772,"(20.073, 24.419]"
2026-09-09 14:00:00+00:00,45359.0,46514.570597951264,-1155.570597951264,1155.570597951264,1335343.406849442,2.5476103925378957,9,16,2,Wednesday,19.31817478213317,"(16.215, 20.073]"
2026-07-01 21:00:00+00:00,47667.0,48822.38113429265,-1155.3811342926492,1155.3811342926492,1334905.5654793687,2.423859555442233,7,23,2,Wednesday,22.877204289748846,"(20.073, 24.419]"
2026-09-04 15:30:00+00:00,49738.0,48582.644067709305,1155.355932290695,1155.355932290695,1334847.3302793007,2.3228837755653524,9,17,4,Friday,28.010745606314917,"(24.419, 35.481]"
2026-03-29 18:00:00+00:00,55977.0,57129.88760063078,-1152.8876006307764,1152.8876006307764,1329149.8196881886,2.0595737546327535,3,20,6,Sunday,10.567399428839972,"(8.326, 11.821]"
2026-03-30 21:30:00+00:00,56766.0,57896.01342847881,-1130.0134284788073,1130.0134284788073,1276930.3485424286,1.990651848780621,3,23,0,Monday,9.836796341692443,"(8.326, 11.821]"
2026-03-30 21:00:00+00:00,57572.0,56445.58881807423,1126.4111819257669,1126.4111819257669,1268802.150767403,1.9565260576769383,3,23,0,Monday,9.836796341692443,"(8.326, 11.821]"
2026-07-01 22:00:00+00:00,45832.0,44707.891201964274,1124.108798035726,1124.108798035726,1263620.5898213247,2.4526723643649113,7,0,3,Thursday,21.859445704736856,"(20.073, 24.419]"
2026-09-09 09:30:00+00:00,49048.0,47929.567970018106,1118.4320299818937,1118.4320299818937,1250890.2056894195,2.2802806026380154,9,11,2,Wednesday,15.708644158695662,"(11.821, 16.215]"
2026-07-20 11:00:00+00:00,49178.0,48075.62710783549,1102.3728921645088,1102.3728921645088,1215225.9933791438,2.2415976496899197,7,13,0,Monday,22.6891251594494,"(20.073, 24.419]"
2026-07-05 10:30:00+00:00,44341.0,43240.324148925996,1100.6758510740037,1100.6758510740037,1211487.3291374824,2.482298214009616,7,12,6,Sunday,24.285316618478628,"(20.073, 24.419]"
2026-07-04 16:30:00+00:00,46127.0,45027.4764003776,1099.5235996224,1099.5235996224,1208952.1461266,2.383687644161554,7,18,5,Saturday,29.39961361129619,"(24.419, 35.481]"
2026-08-28 17:00:00+00:00,47042.0,45942.648078416765,1099.3519215832348,1099.3519215832348,1208574.6474887508,2.336958295955178,8,19,4,Friday,23.969629374999045,"(20.073, 24.419]"
2026-06-30 22:00:00+00:00,46807.0,47905.01431573191,-1098.0143157319108,1098.0143157319108,1205635.4375522162,2.3458335627831537,7,0,2,Wednesday,22.769264060632455,"(20.073, 24.419]"
2026-09-11 10:00:00+00:00,48108.0,47021.739470610926,1086.2605293890738,1086.2605293890738,1179961.937708631,2.2579623542634777,9,12,4,Friday,17.369010813437928,"(16.215, 20.073]"
2026-09-12 10:00:00+00:00,42039.0,40966.62086749347,1072.3791325065322,1072.3791325065322,1149997.0038354625,2.550914942093133,9,12,5,Saturday,18.98471110304548,"(16.215, 20.073]"
2026-08-10 09:00:00+00:00,45159.0,44091.71110272994,1067.2888972700603,1067.2888972700603,1139105.5902359413,2.3634024165062564,8,11,0,Monday,22.827487845536027,"(20.073, 24.419]"
2026-07-12 15:00:00+00:00,45086.0,44021.526742107635,1064.473257892365,1064.473257892365,1133103.3167679852,2.3609840258447523,7,17,6,Sunday,32.90742604934618,"(24.419, 35.481]"
2026-08-30 09:00:00+00:00,38021.0,39081.97705741538,-1060.9770574153808,1060.9770574153808,1125672.3163618003,2.7905027679844845,8,11,6,Sunday,19.357404268992536,"(16.215, 20.073]"
2026-07-27 09:30:00+00:00,47093.0,48147.7357944982,-1054.7357944981995,1054.7357944981995,1112467.5961957483,2.2396869906317276,7,11,0,Monday,19.705673304104536,"(16.215, 20.073]"
2026-07-20 10:00:00+00:00,48948.0,50000.02225855153,-1052.0222585515294,1052.0222585515294,1106750.832487861,2.149265053835763,7,12,0,Monday,21.457841111665417,"(20.073, 24.419]"
2026-08-02 10:00:00+00:00,42758.0,41709.2403361498,1048.7596638502,1048.7596638502,1099896.8325191846,2.45277998000421,8,12,6,Sunday,24.965220494935068,"(24.419, 35.481]"
2026-03-29 16:00:00+00:00,48852.0,47806.475492614896,1045.5245073851038,1045.5245073851038,1093121.4955428638,2.1401877249347083,3,18,6,Sunday,11.29178202765247,"(8.326, 11.821]"
2026-09-05 13:30:00+00:00,42038.0,43077.83248754522,-1039.8324875452236,1039.8324875452236,1081251.6021544875,2.4735536598915826,9,15,5,Saturday,24.793979857908326,"(24.419, 35.481]"
2026-09-26 10:00:00+00:00,43538.0,42498.99292618089,1039.0070738191134,1039.0070738191134,1079535.6994461566,2.386437304926991,9,12,5,Saturday,18.58078603064359,"(16.215, 20.073]"
2026-08-23 16:00:00+00:00,38201.0,37162.6213462579,1038.3786537420965,1038.3786537420965,1078230.2285472488,2.718197570069099,8,18,6,Sunday,25.728142844150476,"(24.419, 35.481]"
2026-03-31 23:00:00+00:00,53840.0,54876.05342245486,-1036.053422454861,1036.053422454861,1073406.6941804306,1.9243191353173494,4,1,2,Wednesday,8.946410770611907,"(8.326, 11.821]"
2026-07-23 03:30:00+00:00,37743.0,36708.45588112928,1034.544118870719,1034.544118870719,1070281.5338899926,2.7410224912453147,7,5,3,Thursday,18.121157603819398,"(16.215, 20.073]"
2026-07-12 08:00:00+00:00,39956.0,40975.97375416556,-1019.9737541655632,1019.9737541655632,1040346.4591865926,2.5527424020561695,7,10,6,Sunday,23.712362089786616,"(20.073, 24.419]"
2026-09-20 21:00:00+00:00,40668.0,39649.64799251064,1018.3520074893604,1018.3520074893604,1037040.8111576104,2.5040621803121876,9,23,6,Sunday,19.945068517035857,"(16.215, 20.073]"
2026-03-30 02:00:00+00:00,47920.0,46902.51936115836,1017.48063884164,1017.48063884164,1035266.8504175919,2.1232901478331385,3,4,0,Monday,6.741352174039158,"(0.614, 8.326]"
2026-07-10 12:00:00+00:00,56123.0,55111.53539502015,1011.4646049798466,1011.4646049798466,1023060.6471270372,1.8022283288132257,7,14,4,Friday,28.956340936215454,"(24.419, 35.481]"
2026-03-29 18:30:00+00:00,56811.0,57822.07227025779,-1011.0722702577914,1011.0722702577914,1022267.1356842443,1.7797121512696332,3,20,6,Sunday,10.567399428839972,"(8.326, 11.821]"
2026-09-10 11:00:00+00:00,47653.0,46658.83648320086,994.1635167991408,994.1635167991408,988361.0981344355,2.08625588483231,9,13,3,Thursday,18.012767483182806,"(16.215, 20.073]"
2026-08-30 16:30:00+00:00,41129.0,42115.13479070369,-986.1347907036907,986.1347907036907,972461.8254362118,2.397662940270103,8,18,6,Sunday,23.598356098758707,"(20.073, 24.419]"
2026-07-01 12:30:00+00:00,51891.0,52873.60532710901,-982.6053271090132,982.6053271090132,965513.2288630108,1.8935948952785902,7,14,2,Wednesday,23.6869547644272,"(20.073, 24.419]"
2026-08-29 16:30:00+00:00,42771.0,41789.12276916968,981.8772308303232,981.8772308303232,964082.8964230239,2.2956611508506306,8,18,5,Saturday,23.763598173832207,"(20.073, 24.419]"
2026-07-16 09:30:00+00:00,54794.0,53830.29483174675,963.7051682532474,963.7051682532474,928727.6513180198,1.758778640459261,7,11,3,Thursday,24.057047947706693,"(20.073, 24.419]"
2026-08-09 13:00:00+00:00,41761.0,42723.618498147654,-962.6184981476545,962.6184981476545,926634.3729760458,2.305065726749011,8,15,6,Sunday,29.727956107665754,"(24.419, 35.481]"
2026-09-17 11:30:00+00:00,46893.0,47855.52404391243,-962.5240439124318,962.5240439124318,926452.5351095409,2.052596429984074,9,13,3,Thursday,18.28817094163864,"(16.215, 20.073]"
2026-09-10 11:30:00+00:00,46345.0,47300.5986214132,-955.598621413199,955.598621413199,913168.7252468064,2.0619238783325042,9,13,3,Thursday,18.012767483182806,"(16.215, 20.073]"
2026-08-18 08:00:00+00:00,44703.0,43747.41098631559,955.58901368441,955.58901368441,913150.3630743435,2.1376395626342974,8,10,1,Tuesday,20.224493628278125,"(20.073, 24.419]"
2026-03-31 00:00:00+00:00,52795.0,51849.5639715233,945.4360284767026,945.4360284767026,893849.2839418005,1.7907681190959421,3,2,1,Tuesday,8.242344854653663,"(0.614, 8.326]"
2026-02-19 18:00:00+00:00,70505.0,71448.89492091864,-943.8949209186394,943.8949209186394,890937.6217360045,1.3387630961189128,2,19,3,Thursday,9.41563067520931,"(8.326, 11.821]"
2026-07-25 10:00:00+00:00,43965.0,44902.64667751985,-937.6466775198496,937.6466775198496,879181.2918640128,2.1327116513586937,7,12,5,Saturday,22.50437425379758,"(20.073, 24.419]"
2026-09-13 11:00:00+00:00,41701.0,40768.25294994251,932.7470500574927,932.7470500574927,870017.0593909549,2.236749838271247,9,13,6,Sunday,21.189087370706737,"(20.073, 24.419]"
2026-07-30 17:00:00+00:00,51955.0,51026.281616787135,928.7183832128649,928.7183832128649,862517.8353175177,1.7875438037010198,7,19,3,Thursday,29.07319812611508,"(24.419, 35.481]"
2026-03-31 00:30:00+00:00,51688.0,52613.17769886592,-925.1776988659185,925.1776988659185,855953.7744788362,1.7899274471171616,3,2,1,Tuesday,8.242344854653663,"(0.614, 8.326]"
2026-07-07 12:30:00+00:00,55814.0,54893.51262714812,920.4873728518796,920.4873728518796,847297.0035797553,1.6492051686886438,7,14,1,Tuesday,29.507147853127123,"(24.419, 35.481]"
2026-08-06 15:00:00+00:00,45385.0,46302.07888328446,-917.0788832844628,917.0788832844628,841033.6781662774,2.0206651609220287,8,17,3,Thursday,27.197969689627307,"(24.419, 35.481]"
2026-08-19 12:30:00+00:00,48813.0,47896.079636707436,916.9203632925637,916.9203632925637,840742.952620567,1.878434767976899,8,14,2,Wednesday,25.17470878568741,"(24.419, 35.481]"
2026-08-31 13:30:00+00:00,47920.0,48834.53018169183,-914.5301816918291,914.5301816918291,836365.4532252898,1.9084519651331993,8,15,0,Monday,22.67762757119644,"(20.073, 24.419]"
2026-03-29 22:00:00+00:00,55408.0,56317.08209395145,-909.0820939514524,909.0820939514524,826430.2535431574,1.6407054828751306,3,0,0,Monday,8.102988764695288,"(0.614, 8.326]"
2026-08-29 17:00:00+00:00,43365.0,44273.53860636626,-908.538606366259,908.538606366259,825442.3992579442,2.095096521079809,8,19,5,Saturday,24.318473755709768,"(20.073, 24.419]"
2026-04-13 12:00:00+00:00,56204.0,55295.728720377134,908.2712796228661,908.2712796228661,824956.7173877587,1.6160260472971073,4,14,0,Monday,10.156304871191043,"(8.326, 11.821]"
2026-03-30 01:00:00+00:00,49873.0,50778.71975973316,-905.7197597331615,905.7197597331615,820328.2831710958,1.8160522922887363,3,3,0,Monday,7.104100417527644,"(0.614, 8.326]"
2026-08-29 12:30:00+00:00,42068.0,42972.45906946017,-904.459069460172,904.459069460172,818046.2083287603,2.149993033802824,8,14,5,Saturday,21.833146823089976,"(20.073, 24.419]"
2026-07-04 13:30:00+00:00,43853.0,44756.73228412535,-903.7322841253481,903.7322841253481,816732.0413704189,2.060822028425303,7,15,5,Saturday,27.41399171103804,"(24.419, 35.481]"
2026-03-30 00:00:00+00:00,52245.0,51343.60182599155,901.3981740084491,901.3981740084491,812518.6681057663,1.7253290726547021,3,2,0,Monday,7.159091251394054,"(0.614, 8.326]"
2026-07-26 07:30:00+00:00,36094.0,36994.52085878607,-900.5208587860689,900.5208587860689,810937.817108799,2.49493228455164,7,9,6,Sunday,16.801529842911226,"(16.215, 20.073]"
2026-08-10 18:30:00+00:00,46019.0,46919.23524764863,-900.2352476486267,900.2352476486267,810423.5011089842,1.9562251410257212,8,20,0,Monday,29.667258808523414,"(24.419, 35.481]"
2026-07-01 15:30:00+00:00,48259.0,49158.316842981716,-899.316842981716,899.316842981716,808770.7840706005,1.8635215047591456,7,17,2,Wednesday,26.040699818514092,"(24.419, 35.481]"
2026-08-25 08:30:00+00:00,45185.0,44286.581202852845,898.4187971471547,898.4187971471547,807156.3350673403,1.9883120441455233,8,10,1,Tuesday,17.323577199210025,"(16.215, 20.073]"
2026-09-19 17:30:00+00:00,42759.0,41862.699412380374,896.3005876196257,896.3005876196257,803354.7433672864,2.0961682631016294,9,19,5,Saturday,23.588990305044717,"(20.073, 24.419]"
2026-08-27 17:00:00+00:00,49860.0,50744.60238865351,-884.6023886535113,884.6023886535113,782521.3860114978,1.7741724601955702,8,19,3,Thursday,28.008880099017922,"(24.419, 35.481]"
2026-07-28 10:30:00+00:00,50986.0,50103.29468433422,882.7053156657785,882.7053156657785,779168.6743046216,1.731269987184283,7,12,1,Tuesday,23.55090739592974,"(20.073, 24.419]"
2026-07-04 12:00:00+00:00,44658.0,43775.47978176206,882.5202182379435,882.5202182379435,778841.9355987473,1.9761749703030667,7,14,5,Saturday,26.16558589052969,"(24.419, 35.481]"
2026-09-24 17:30:00+00:00,48281.0,49159.02487700503,-878.0248770050312,878.0248770050312,770927.6846397001,1.8185722686046917,9,19,3,Thursday,24.929287136196436,"(24.419, 35.481]"
2026-03-29 17:30:00+00:00,54709.0,55580.80018714784,-871.8001871478409,871.8001871478409,760035.5663110104,1.5935224316800543,3,19,6,Sunday,11.00208700359881,"(8.326, 11.821]"
2026-03-29 16:30:00+00:00,50441.0,49569.80385536734,871.1961446326604,871.1961446326604,758982.7224228114,1.727158749098274,3,18,6,Sunday,11.29178202765247,"(8.326, 11.821]"
2026-07-21 07:30:00+00:00,46200.0,47070.70417399005,-870.7041739900524,870.7041739900524,758125.7586036994,1.8846410692425375,7,9,1,Tuesday,17.132013993058226,"(16.215, 20.073]"
2026-08-18 08:30:00+00:00,44998.0,45865.594295050665,-867.5942950506651,867.5942950506651,752719.8608044605,1.9280730144687876,8,10,1,Tuesday,20.224493628278125,"(20.073, 24.419]"
2026-07-04 11:30:00+00:00,44092.0,44959.13256587591,-867.1325658759088,867.1325658759088,751918.8868025373,1.9666437582235072,7,13,5,Saturday,25.332998360625396,"(24.419, 35.481]"
2026-08-09 16:00:00+00:00,42382.0,41515.11038554382,866.8896144561804,866.8896144561804,751497.6036519852,2.0454193158798084,8,18,6,Sunday,29.088065037311633,"(24.419, 35.481]"
2026-08-25 07:30:00+00:00,44315.0,45177.8069940576,-862.8069940576024,862.8069940576024,744435.9089947155,1.9469863343283367,8,9,1,Tuesday,16.65522334400017,"(16.215, 20.073]"
2026-08-17 07:30:00+00:00,43457.0,44317.29952037736,-860.2995203773607,860.2995203773607,740115.2647615169,1.9796569491160474,8,9,0,Monday,19.29909654517616,"(16.215, 20.073]"
2026-07-24 11:00:00+00:00,48998.0,49858.10408523475,-860.1040852347505,860.1040852347505,739779.037437507,1.7553861080753306,7,13,4,Friday,23.8458196849639,"(20.073, 24.419]"
2026-09-03 23:00:00+00:00,40595.0,39736.75330490721,858.2466950927919,858.2466950927919,736587.3896376997,2.114168481568646,9,1,4,Friday,21.845437991641088,"(20.073, 24.419]"
2026-07-13 20:00:00+00:00,48337.0,47481.8192298323,855.1807701677026,855.1807701677026,731334.149664625,1.7692053089097433,7,22,0,Monday,28.93192185298651,"(24.419, 35.481]"
2026-07-16 11:30:00+00:00,55270.0,56124.29585759391,-854.2958575939119,854.2958575939119,729821.4123021174,1.5456773251201592,7,13,3,Thursday,26.94869865023294,"(24.419, 35.481]"
2026-02-10 17:30:00+00:00,65350.0,66203.53707956904,-853.5370795690396,853.5370795690396,728525.5461992451,1.306101116402509,2,18,1,Tuesday,11.594540153521754,"(8.326, 11.821]"
2026-08-12 19:30:00+00:00,46645.0,45791.86065077401,853.1393492259886,853.1393492259886,727846.7491977433,1.8290049292013904,8,21,2,Wednesday,32.189643563279915,"(24.419, 35.481]"
2026-03-30 18:00:00+00:00,60094.0,60946.66448931197,-852.6644893119665,852.6644893119665,727036.7313336366,1.4188845630378515,3,20,0,Monday,10.842802887295804,"(8.326, 11.821]"
2026-08-24 09:00:00+00:00,46398.0,45546.6494821375,851.3505178624982,851.3505178624982,724797.704264744,1.834886240489888,8,11,0,Monday,19.155441732791594,"(16.215, 20.073]"
2026-09-09 09:00:00+00:00,47611.0,48460.709435678415,-849.7094356784146,849.7094356784146,722006.1250809298,1.7846914277759647,9,11,2,Wednesday,15.708644158695662,"(11.821, 16.215]"
2026-03-25 07:30:00+00:00,58162.0,57314.071379217356,847.9286207826444,847.9286207826444,718982.9459423576,1.4578739052691525,3,8,2,Wednesday,5.468623337280985,"(0.614, 8.326]"
2026-09-19 13:00:00+00:00,41162.0,40315.68672194076,846.3132780592423,846.3132780592423,716246.1646193804,2.056054803117541,9,15,5,Saturday,21.434057664747176,"(20.073, 24.419]"
2026-09-11 09:30:00+00:00,47510.0,48355.24839980768,-845.2483998076787,845.2483998076787,714444.8573774414,1.779095768906922,9,11,4,Friday,16.075848769970108,"(11.821, 16.215]"
2026-08-05 16:00:00+00:00,47695.0,48539.36764735377,-844.3676473537707,844.3676473537707,712956.7238977418,1.7703483538185778,8,18,2,Wednesday,28.335295584199027,"(24.419, 35.481]"
2026-08-27 23:00:00+00:00,40663.0,39819.38669359874,843.6133064012611,843.6133064012611,711683.410737268,2.0746460084136955,8,1,4,Friday,22.68508282568847,"(20.073, 24.419]"
2026-07-06 15:00:00+00:00,52767.0,53609.75352576784,-842.7535257678392,842.7535257678392,710233.505194124,1.597122303272574,7,17,0,Monday,31.45696783481213,"(24.419, 35.481]"
2026-03-25 09:30:00+00:00,58338.0,57495.776480521345,842.2235194786554,842.2235194786554,709340.4567630129,1.4436962519775367,3,10,2,Wednesday,8.042282648327296,"(0.614, 8.326]"
2026-03-29 12:00:00+00:00,55214.0,56050.569133931975,-836.5691339319746,836.5691339319746,699847.9158476942,1.5151395188393788,3,14,6,Sunday,8.663641915488803,"(8.326, 11.821]"
2026-08-03 18:30:00+00:00,47191.0,48027.47335330449,-836.4733533044928,836.4733533044928,699687.6707884627,1.7725272897469704,8,20,0,Monday,30.530189645018353,"(24.419, 35.481]"
2026-09-01 06:30:00+00:00,44057.0,44891.364322753514,-834.364322753514,834.364322753514,696163.8230839301,1.8938291820902784,9,8,1,Tuesday,14.794438765910913,"(11.821, 16.215]"
2026-08-24 06:00:00+00:00,41463.0,40632.90787202334,830.0921279766626,830.0921279766626,689052.940928824,2.0020069169540617,8,8,0,Monday,15.579002908267132,"(11.821, 16.215]"
