hour,N,RMSE,MAE,MAPE_%,Bias,Mean_load
0,510.0,221.86734438382769,163.35427480986783,0.3543047320555228,35.34945518009871,47774.01176470588
1,511.0,243.7264020799745,179.48402420778956,0.41341320148773303,44.03125522337221,45118.95694716243
2,508.0,187.73913190192084,130.97323110425847,0.31315732310519734,-24.74510883120873,43577.4094488189
3,510.0,178.6148424591585,138.10552553054237,0.35029734589625894,-48.386485216614844,41276.603921568625
4,510.0,175.6015762928991,132.76702321828498,0.3435656318414083,12.805555174469427,40130.97254901961
5,510.0,192.35878779874832,145.56667727858897,0.37390079320278397,6.558198340263562,40594.64509803922
6,510.0,219.21298392720246,174.4970033209203,0.4232251841725603,9.814039383398395,42828.68823529412
7,510.0,213.04392355546855,170.149933998243,0.3921175715584402,-18.015493365585073,45839.72156862745
8,510.0,228.42940226159,175.55204087951023,0.3853252016455235,-20.56526444065562,48503.009803921566
9,510.0,249.32073265866038,193.21758096399887,0.4110219614241881,1.5063827918009838,50411.111764705885
10,510.0,256.25239621984036,195.41987472803592,0.4013711014111419,9.292310985908832,51499.58823529412
11,510.0,304.62337512063823,210.36115172317065,0.42476587231202273,7.731422836953397,52199.07058823529
12,510.0,347.70010972372296,247.860173452938,0.49071964001026275,24.46763914937993,53287.907843137255
13,510.0,313.6935841062782,219.2032337650248,0.43320986415444057,15.276778903795512,53069.49803921569
14,510.0,314.30986543240476,225.46620360016007,0.4460837031127345,58.44528686590188,52165.32156862745
15,510.0,288.8733172112687,217.40419932673765,0.4403590266091095,54.362324928022836,51442.370588235295
16,510.0,266.82997274141115,201.61714374940158,0.4193567971826642,-10.265958743009989,49854.76862745098
17,510.0,313.2013921541666,220.3348026254151,0.4645552524928653,12.521972321646556,49155.40588235294
18,510.0,294.5102722763941,225.89405641304015,0.46361293823166577,32.09108488971639,50457.27843137255
19,510.0,285.5267789988471,213.970847715178,0.41732770724044765,2.2939246808017937,52605.72352941176
20,510.0,251.65903320826467,184.72704368895535,0.3687871606819596,-14.073588118348091,51840.52745098039
21,510.0,212.7534452416389,164.79564776418215,0.34014312198258595,11.867451452239637,49790.25490196078
22,510.0,225.8955017324133,168.77123629577792,0.3546605646875956,5.110604826190812,48898.82941176471
23,510.0,251.13476612616765,166.92320553810586,0.3464977215985999,9.303307148914824,49302.69411764706
