Feature,Mean_2025,Mean_2026,Std_2025,Std_2026,SMD,Abs_SMD,KS,KS_pvalue,PSI,Wasserstein_norm,Drift_level
lag_1,48660.97360895498,48403.41457635428,10287.39384439462,8865.023238827762,-0.026821855789376473,0.026821855789376473,0.04126154097556989,1.7211217522821095e-09,0.03952309192197286,0.10651287841282235,Low
lag_2,48663.54146580603,48405.21071983005,10290.424871207315,8865.143423777212,-0.026897517540754173,0.026897517540754173,0.04134324699730374,1.5844707651171836e-09,0.03948403810319128,0.10666904019983084,Low
lag_3,48666.038565242256,48406.934226652505,10293.547998943446,8865.401198728528,-0.026973031111521904,0.026973031111521904,0.04142495301903748,1.4584304832207255e-09,0.03958899923768154,0.10682408276972649,Low
lag_4,48668.561483781355,48408.70945338671,10296.918683843644,8865.789595488264,-0.027045277165011473,0.027045277165011473,0.04150665904077133,1.3421964958381517e-09,0.039625964427100514,0.10698073627410068,Low
lag_5,48670.914453795245,48410.38981942969,10300.002965981443,8866.128560650866,-0.027110176661802477,0.027110176661802477,0.041588365062505184,1.2350238157782008e-09,0.03966347357967921,0.10713862426731223,Low
lag_6,48673.311299942805,48412.08619985293,10303.017753359623,8866.442295208797,-0.027178088245991553,0.027178088245991553,0.041670071084238924,1.136222611967621e-09,0.04032851698620876,0.10729091616961642,Low
lag_7,48675.83552577825,48413.96780782744,10306.334116375649,8866.833290303377,-0.02723939807691672,0.02723939807691672,0.041751777105972776,1.0451542390835086e-09,0.04034282835958557,0.10744598429232399,Low
lag_8,48678.38630607076,48415.90620148705,10310.02322832039,8867.537205866105,-0.027296561555613337,0.027296561555613337,0.041751777105972776,1.0451542390835086e-09,0.04031128634385309,0.1075969514945236,Low
lag_9,48681.00433041915,48417.93087670561,10314.246820294455,8868.61211064851,-0.027350416591102992,0.027350416591102992,0.041751777105972776,1.0451542390835086e-09,0.04022807289869057,0.10774603757205681,Low
lag_10,48683.63011683961,48419.99959146989,10318.936411249544,8870.090296756856,-0.02739922871573466,0.02739922871573466,0.041751777105972776,1.0451542390835086e-09,0.040257486172832674,0.10789266288743082,Low
lag_11,48686.31906201487,48422.09861916823,10323.939191242262,8871.823748266723,-0.027450605876754342,0.027450605876754342,0.04183348312770652,9.612275442873381e-10,0.04043961774546393,0.10803255351810319,Low
lag_12,48689.0044938312,48424.221750142984,10328.75149217479,8873.492871488215,-0.0274994536211863,0.0274994536211863,0.04191518914944031,8.838954323722525e-10,0.04044986293102638,0.10816881359597268,Low
lag_13,48691.559604542854,48426.213171010706,10332.945862186989,8874.829276566197,-0.027549797589844695,0.027549797589844695,0.04199689517117411,8.12651671853654e-10,0.04044334187700436,0.10830311301090437,Low
lag_14,48693.98962333524,48428.08489255658,10336.479357163978,8875.852273035114,-0.027600980748580833,0.027600980748580833,0.042078601192907905,7.470279256642489e-10,0.04036267316545662,0.10843117806210352,Low
lag_15,48696.23980717379,48429.818857749815,10339.342475285399,8876.540500577223,-0.027649246139488725,0.027649246139488725,0.0421603072146417,6.865909911842962e-10,0.04044808623782557,0.10855757272660815,Low
lag_16,48698.37625623008,48431.59678078274,10341.83823670883,8877.087346483488,-0.02768188363122569,0.02768188363122569,0.0422420132363755,6.309402353356808e-10,0.040615960880123224,0.10868331791600166,Low
lag_17,48700.4616390228,48433.5090285154,10344.23211031631,8877.503612629533,-0.027695606423487198,0.027695606423487198,0.04232371925810935,5.797052114056074e-10,0.040656967301558586,0.10881941833335013,Low
lag_18,48702.500857913226,48435.334341040936,10346.64349425301,8878.076750934277,-0.027713319380993286,0.027713319380993286,0.042405425279843145,5.325434451441599e-10,0.04077294777338035,0.10894746138243809,Low
lag_19,48704.5184247079,48437.202385815835,10349.214601355356,8878.793851311135,-0.02772391182286367,0.02772391182286367,0.04248713130157694,4.891383785012435e-10,0.040919553163645886,0.10907901936527811,Low
lag_20,48706.5278209004,48439.076640248386,10351.970709361138,8879.613142940096,-0.027732588352591347,0.027732588352591347,0.04256883732331074,4.4919746014077866e-10,0.04093181105495104,0.10921703715315595,Low
lag_21,48708.61769752431,48440.9654383528,10355.09081559324,8880.607191216068,-0.027747303712871717,0.027747303712871717,0.042650543345044534,4.1245037258989087e-10,0.041413865476192385,0.10935853078814199,Low
lag_22,48710.76623907182,48442.887082277965,10358.551798398055,8881.673387879324,-0.027764066264361686,0.027764066264361686,0.04273224936677833,3.7864738655751757e-10,0.04147803245266894,0.1095075522147577,Low
lag_23,48713.02295939211,48444.90742707738,10362.429667772894,8882.919082188788,-0.0277809203887418,0.0277809203887418,0.042813955388512126,3.475578335888714e-10,0.04140675094458883,0.10965387606079113,Low
lag_24,48715.33605686739,48447.04820655282,10366.702955617748,8884.414243392928,-0.02779018774124897,0.02779018774124897,0.04289566141024592,3.189686888141968e-10,0.041314715255353004,0.10978995960019872,Low
lag_25,48717.59351254188,48449.04730778658,10371.055512178893,8885.988840710372,-0.027808130361270878,0.027808130361270878,0.04297736743197972,2.9268325610417966e-10,0.04128882302400103,0.10990743558909465,Low
lag_26,48719.919111038485,48451.00555600948,10375.537030555768,8887.612298096332,-0.0278370798839758,0.0278370798839758,0.043059073453713514,2.685199484622377e-10,0.041220405212742756,0.1100242329575056,Low
lag_27,48722.321758313585,48452.97132118637,10380.221964593433,8889.185970096449,-0.027872956382764442,0.027872956382764442,0.043140779475447366,2.4631115696871387e-10,0.04121847080114723,0.11015027109441947,Low
lag_28,48724.827845412205,48455.096413105646,10385.165839662981,8890.68608689435,-0.02790272311750447,0.02790272311750447,0.04322248549718116,2.2590220204504348e-10,0.04112775487159647,0.11029689127364702,Low
lag_29,48727.441702753495,48457.29667456492,10390.450610554057,8892.219906868682,-0.027935266055213806,0.027935266055213806,0.04330419151891496,2.0715036122925517e-10,0.041059885875108594,0.11045181901058598,Low
lag_30,48730.1774654792,48459.5578887164,10396.12826971912,8893.762831103471,-0.027973462554727435,0.027973462554727435,0.043385897540648755,1.899239680506351e-10,0.04119452532594231,0.11061655590218958,Low
lag_31,48732.97753084402,48461.83969278536,10402.00420204206,8895.253025540516,-0.02801590687672916,0.02801590687672916,0.04346760356238255,1.741015769607965e-10,0.041172309308932814,0.11078955039385943,Low
lag_32,48735.811259089794,48464.18882261623,10407.897895829774,8896.638979819061,-0.028054950635939484,0.028054950635939484,0.04354930958411635,1.5957118962431563e-10,0.041108725671742806,0.11097457950216881,Low
lag_33,48738.66663943133,48466.53141596536,10413.644508943431,8897.806729504187,-0.02809739306516196,0.02809739306516196,0.04363101560585014,1.4622953819486015e-10,0.04104578224293285,0.11117547652822724,Low
lag_34,48741.45273306643,48468.86796306888,10418.877248135968,8898.586296662115,-0.028134595470151402,0.028134595470151402,0.04371272162758394,1.3398142150421906e-10,0.041210685958467885,0.1113841860285027,Low
lag_35,48744.16079745077,48471.147397663204,10423.477888978825,8898.949005523074,-0.028171158539537562,0.028171158539537562,0.043794427649317735,1.2273909037312058e-10,0.04153092779599507,0.11159465591578432,Low
lag_36,48746.73004330419,48473.2326987499,10427.289118305565,8898.86694470279,-0.02821523683581629,0.02821523683581629,0.04387613367105153,1.1242167851546523e-10,0.041665257007809944,0.11180599961317218,Low
lag_37,48749.25508619985,48475.153525614835,10430.276669526145,8898.50739637647,-0.02827336454513177,0.02827336454513177,0.04387613367105159,1.1242167851545897e-10,0.041819564097316714,0.11199767743490062,Low
lag_38,48751.72081052374,48476.92924258518,10432.484302741092,8897.757339460757,-0.028342072496361857,0.028342072496361857,0.04387613367105159,1.1242167851545897e-10,0.04202183421596181,0.11218344121870608,Low
lag_39,48754.27763706185,48478.65773347496,10434.268723575366,8896.829053005475,-0.028425941153186248,0.028425941153186248,0.04387613367105159,1.1242167851545897e-10,0.04208323074095762,0.11235743569158176,Low
lag_40,48756.78527657488,48480.288667374785,10435.62263212173,8895.773093289472,-0.028515641904868116,0.028515641904868116,0.04387613367105159,1.1242167851545897e-10,0.04234143582133433,0.11252559976925115,Low
lag_41,48759.37102704469,48481.90481248468,10436.846208183742,8894.714570562728,-0.02861512886564971,0.02861512886564971,0.04387613367105159,1.1242167851545897e-10,0.042431516268992296,0.11268528694049637,Low
lag_42,48761.95015932674,48483.50935533949,10438.056852792526,8893.693000064719,-0.028715096313697806,0.028715096313697806,0.04387613367105159,1.1242167851545897e-10,0.042253332389007234,0.1128419219099282,Low
lag_43,48764.55347659122,48485.176403300924,10439.390529741948,8892.737400949205,-0.028810821157579724,0.028810821157579724,0.04387613367105153,1.1242167851546523e-10,0.042507043481509535,0.11299538084849599,Low
lag_44,48767.14837813547,48486.88152626849,10440.885225257296,8891.890712471517,-0.02890133870144236,0.02890133870144236,0.04387613367105153,1.1242167851546523e-10,0.042603000487767315,0.11314681301639883,Low
lag_45,48769.778168150995,48488.64988969687,10442.643798278803,8891.220032135052,-0.02898825867374268,0.02898825867374268,0.04387613367105153,1.1242167851546523e-10,0.042621759066010165,0.11329418870833931,Low
lag_46,48772.31685595228,48490.378053762564,10444.490391601652,8890.766752892934,-0.029069477602893527,0.029069477602893527,0.04387613367105153,1.1242167851546523e-10,0.04263902352230109,0.11343390147714909,Low
lag_47,48774.826538115856,48492.06462946319,10446.40012625115,8890.498281789094,-0.029151623502228722,0.029151623502228722,0.04387613367105159,1.1242167851545897e-10,0.0428202587719322,0.11356405577937548,Low
lag_48,48777.292916087914,48493.715908162434,10448.339716239976,8890.36401458845,-0.029232694542923682,0.029232694542923682,0.04387613367105159,1.1242167851545897e-10,0.04323343423217385,0.11368720626970441,Low
lag_49,48779.86984230738,48495.524879483615,10450.701452598714,8890.50632006916,-0.029307819811017925,0.029307819811017925,0.04387613367105159,1.1242167851545897e-10,0.043178304405680726,0.1138047677782051,Low
lag_50,48782.31538524389,48497.26154097557,10453.360237391855,8890.885876259055,-0.02937602268405476,0.02937602268405476,0.04387613367105159,1.1242167851545897e-10,0.043190491336335915,0.11392753514360278,Low
lag_51,48784.69392924259,48498.89982841736,10456.115139433505,8891.449973671299,-0.029447021890357018,0.029447021890357018,0.04395783969278538,1.0295467575279122e-10,0.043468157099966515,0.11404337791946777,Low
lag_52,48787.09567775145,48500.55331317918,10459.09931843567,8892.182969265694,-0.02951820936368376,0.02951820936368376,0.04403954571451918,9.426944048462246e-11,0.04351048075347315,0.11415673527195867,Low
lag_53,48789.3244546123,48502.07696707248,10461.825888987874,8892.860740401462,-0.029585424758166338,0.029585424758166338,0.044121251736252975,8.630274857364644e-11,0.043602379093302654,0.11426956153694999,Low
lag_54,48791.57684451344,48503.60274532233,10464.450890453767,8893.536569774358,-0.029654997961473355,0.029654997961473355,0.04420295775798677,7.899637600391393e-11,0.04377828174171025,0.11437429609266188,Low
lag_55,48793.92474875398,48505.30206716235,10467.361736558645,8894.375639885522,-0.029715812450655677,0.029715812450655677,0.04428466377972057,7.229671285563932e-11,0.04409896066104788,0.1144809959186041,Low
lag_56,48796.29814527331,48507.04943214315,10470.641935594604,8895.509288163314,-0.029773257604255275,0.029773257604255275,0.044366369801454364,6.615440631333407e-11,0.044302860442090156,0.11458538909611117,Low
lag_57,48798.694746302805,48508.85734128605,10474.364933883346,8897.0467649432,-0.029825533041458324,0.029825533041458324,0.044448075823188216,6.052403058521338e-11,0.0441595048784002,0.11468495423442224,Low
lag_58,48801.0906119781,48510.69874989787,10478.50232094965,8898.97565189031,-0.02987302018663362,0.02987302018663362,0.044448075823188216,6.052403058521338e-11,0.044079933382773426,0.11477958959139112,Low
lag_59,48803.54113898194,48512.559931366945,10482.950767583263,8901.155909626397,-0.029923194601982343,0.029923194601982343,0.044448075823188216,6.052403058521338e-11,0.04400379750915932,0.11485926076638457,Low
lag_60,48805.955388512135,48514.41196176158,10487.238180931483,8903.310594218663,-0.02997084867354017,0.02997084867354017,0.044448075823188216,6.052403058521338e-11,0.04416397979299987,0.11493833870582905,Low
lag_61,48808.258191028675,48516.09404363101,10490.96642623679,8905.11887306251,-0.030025901441650203,0.030025901441650203,0.044448075823188216,6.052403058521338e-11,0.044324932633746636,0.11501745434659691,Low
lag_62,48810.493177547185,48517.68322575374,10494.097767352181,8906.611918736286,-0.030084939557797976,0.030084939557797976,0.044448075823188216,6.052403058521338e-11,0.04434414005361359,0.11508631298811647,Low
lag_63,48812.573657978595,48519.158346270124,10496.606741863612,8907.778240231897,-0.03014129601236027,0.03014129601236027,0.044448075823188216,6.052403058521338e-11,0.04460189858665748,0.11515077267852142,Low
lag_64,48814.50102132527,48520.54146580603,10498.73281327378,8908.774115991004,-0.030192235543558738,0.030192235543558738,0.044448075823188216,6.052403058521338e-11,0.044758974249837005,0.11521243052782323,Low
lag_65,48816.3669417436,48521.92303292752,10500.727989427936,8909.78893914263,-0.03023720021303482,0.03023720021303482,0.044448075823188216,6.052403058521338e-11,0.044682496971270635,0.1152679916895707,Low
lag_66,48818.18972138246,48523.36865757006,10502.747680669867,8910.855167081043,-0.030271029718141655,0.030271029718141655,0.04452978184492201,5.5363781762145755e-11,0.04481931139184573,0.11532920608862134,Low
lag_67,48820.009968134655,48524.84745485742,10504.869821363165,8912.070932491511,-0.030300798104054703,0.030300798104054703,0.04452978184492201,5.5363781762145755e-11,0.04484787357159288,0.11538702377790484,Low
lag_68,48821.79107770243,48526.3289484435,10507.084023703514,8913.337285337677,-0.030326035729278437,0.030326035729278437,0.04452978184492201,5.5363781762145755e-11,0.04469959636479827,0.11545194058829311,Low
lag_69,48823.635917967156,48527.81853092573,10509.544635983408,8914.737030211993,-0.03035637013454084,0.03035637013454084,0.04452978184492201,5.5363781762145755e-11,0.04456267733527477,0.11551719251299432,Low
lag_70,48825.531334259336,48529.37429528556,10512.253608109615,8916.187646975997,-0.030384601076124503,0.030384601076124503,0.04452978184492201,5.5363781762145755e-11,0.04446181841991605,0.11559529803171913,Low
lag_71,48827.54154751205,48531.05163820573,10515.287915380488,8917.878205080004,-0.030411234423831073,0.030411234423831073,0.04452978184492201,5.5363781762145755e-11,0.04457618733931172,0.11567067803283987,Low
lag_72,48829.60625868126,48532.90276983414,10518.670621793044,8919.883992359508,-0.030424585811420123,0.030424585811420123,0.04452978184492201,5.5363781762145755e-11,0.04454260976418212,0.11573717839880537,Low
lag_73,48831.62088405916,48534.60732085955,10522.069682010268,8921.91706518546,-0.030447755143391975,0.030447755143391975,0.04452978184492201,5.5363781762145755e-11,0.04453796181134691,0.11578386440958163,Low
lag_74,48833.69785113163,48536.31808154261,10525.604042557936,8924.011962053455,-0.030476347700690236,0.030476347700690236,0.04452978184492201,5.5363781762145755e-11,0.044745914760131525,0.11583085554548163,Low
lag_75,48835.83789525288,48538.061361222324,10529.250168789453,8926.139001204408,-0.03050781980177663,0.03050781980177663,0.04452978184492201,5.5363781762145755e-11,0.04495781906255905,0.11588347591540482,Low
lag_76,48838.07312688945,48539.89198463927,10533.090295473981,8928.318083139116,-0.030539674493350346,0.030539674493350346,0.04452978184492201,5.5363781762145755e-11,0.04476370525642992,0.11594723567118553,Low
lag_77,48840.40853010867,48541.7849497508,10537.208894957324,8930.575188885974,-0.03057480046463723,0.03057480046463723,0.04452978184492201,5.5363781762145755e-11,0.04514450005306918,0.11601742829887386,Low
lag_78,48842.84410491053,48543.78380586649,10541.571200334693,8932.942285082372,-0.030608748105446802,0.030608748105446802,0.04452978184492201,5.5363781762145755e-11,0.045130938344284444,0.11609571797288275,Low
lag_79,48845.32764114715,48545.826292997794,10546.010730468839,8935.356740397558,-0.030642916287787626,0.030642916287787626,0.04452978184492201,5.5363781762145755e-11,0.04529125106315976,0.11617798089747601,Low
lag_80,48847.80292507558,48547.88626521775,10550.350131857442,8937.729424099283,-0.030674656899047376,0.030674656899047376,0.04461148786665581,5.0635195784290455e-11,0.04533218714084247,0.11626182781712532,Low
lag_81,48850.26962987172,48549.94868861835,10554.492067853309,8940.000704178734,-0.030705727341587358,0.030705727341587358,0.044693193888389604,4.6302887814160916e-11,0.045416058847570676,0.11634277386363084,Low
lag_82,48852.69270365226,48551.929569409265,10558.28183091142,8942.020810419517,-0.030741609498820183,0.030741609498820183,0.0447748999101234,4.233431143610845e-11,0.04546737760764403,0.11642007974701238,Low
lag_83,48855.01086690089,48553.80325189966,10561.481228052113,8943.611081369092,-0.030779323200810258,0.030779323200810258,0.044856605931857196,3.869953621540423e-11,0.04538679437492388,0.1164975293630972,Low
lag_84,48857.15801944603,48555.485578887165,10563.97368369199,8944.672366774208,-0.03082105861432349,0.03082105861432349,0.04493831195359099,3.5371042255291024e-11,0.04544192242051524,0.11657709488909072,Low
lag_85,48859.27943459433,48557.07541465806,10565.827812181782,8945.270040219108,-0.03087135140113954,0.03087135140113954,0.04493831195359099,3.5371042255291024e-11,0.04540672385709109,0.11665210970530047,Low
lag_86,48861.3364653975,48558.61246833891,10567.03415957019,8945.367837002063,-0.03092227146365284,0.03092227146365284,0.04493831195359099,3.5371042255291024e-11,0.04542730251572696,0.11673049598070748,Low
lag_87,48863.471852275514,48560.22289402729,10567.837012509794,8945.144162984296,-0.030974846893376123,0.030974846893376123,0.04493831195359099,3.5371042255291024e-11,0.04560428049435597,0.11680696119672851,Low
lag_88,48865.54816569981,48561.8424707901,10568.312763507816,8944.621793725395,-0.031021441992051747,0.031021441992051747,0.04493831195359099,3.5371042255291024e-11,0.0457346208897772,0.11688844729150623,Low
lag_89,48867.69229512215,48563.54971811423,10568.647186203565,8943.969152787897,-0.03106643972669174,0.03106643972669174,0.04493831195359099,3.5371042255291024e-11,0.04586504432951271,0.11696780254171611,Low
lag_90,48869.82416864123,48565.31334259335,10568.97885216057,8943.266170979974,-0.03110450568083198,0.03110450568083198,0.04493831195359099,3.5371042255291024e-11,0.045954651678097515,0.11704937882978991,Low
lag_91,48871.99231963396,48567.13857341286,10569.401662047409,8942.636383123076,-0.031139722538710318,0.031139722538710318,0.04493831195359099,3.5371042255291024e-11,0.04606084362004745,0.11712898136049582,Low
lag_92,48874.149522019776,48569.009641310564,10569.971067936855,8942.122274705678,-0.031168719079688198,0.031168719079688198,0.04493831195359099,3.5371042255291024e-11,0.046123212240555066,0.11720850567783957,Low
lag_93,48876.32576190865,48570.946237437696,10570.735353979178,8941.804782111254,-0.03119234501688795,0.03119234501688795,0.04493831195359099,3.5371042255291024e-11,0.04627489662400718,0.11728480019174203,Low
lag_94,48878.39733638369,48572.83675136857,10571.576168105592,8941.67625821414,-0.031209579097441913,0.031209579097441913,0.04493831195359099,3.5371042255291024e-11,0.04639408389742546,0.1173559136705115,Low
lag_95,48880.45926954816,48574.670397908325,10572.50231274461,8941.772074722807,-0.03123116142595412,0.03123116142595412,0.04493831195359099,3.5371042255291024e-11,0.04644100633096899,0.11741653153316363,Low
lag_96,48882.50665904077,48576.468829152705,10573.519619509218,8941.998727909055,-0.0312545046553024,0.0312545046553024,0.04493831195359099,3.5371042255291024e-11,0.04623772573876518,0.11747373814672571,Low
lag_97,48884.66500531089,48578.425034725056,10574.86971723258,8942.547059763532,-0.031272020889393896,0.031272020889393896,0.04493831195359099,3.5371042255291024e-11,0.046212051257409216,0.11752694917896399,Low
lag_98,48886.68281722363,48580.36236620639,10576.433177306992,8943.331942395629,-0.031276398550241856,0.031276398550241856,0.04493831195359099,3.5371042255291024e-11,0.046242120011260074,0.11758493598217289,Low
lag_99,48888.623498651854,48582.24283029659,10578.094622422559,8944.281487405822,-0.03127829742189441,0.03127829742189441,0.04493831195359099,3.5371042255291024e-11,0.046240147269359946,0.11764132157526506,Low
lag_100,48890.58476999755,48584.172236293816,10579.905428130816,8945.457653296686,-0.03127671390807075,0.03127671390807075,0.04502001797532479,3.232353048835275e-11,0.046090255552356005,0.1176925603580605,Low
lag_101,48892.34512623581,48585.95963722526,10581.489317405934,8946.5916955334,-0.03126957102556718,0.03126957102556718,0.045101723997058585,2.9533747529674234e-11,0.046083930611039124,0.11773904055451932,Low
lag_102,48894.13604052619,48587.740011438844,10583.003530372363,8947.700088294436,-0.03126642289148241,0.03126642289148241,0.04518343001879238,2.6980324004058662e-11,0.04591556017983014,0.11777907137176649,Low
lag_103,48896.02173380178,48589.68788299698,10584.714185764826,8949.046711877732,-0.031255170890077164,0.031255170890077164,0.04526513604052618,2.4643625338419e-11,0.046061170123664036,0.11781749078575031,Low
lag_104,48897.88038238418,48591.71476427813,10586.624170849811,8950.748133725023,-0.031232244397325644,0.031232244397325644,0.04534684206225997,2.2505614083790216e-11,0.046115202975383844,0.11785290695443537,Low
lag_105,48899.71876787319,48593.78519486886,10588.77639994397,8952.972921459464,-0.031201641351508044,0.031201641351508044,0.04542854808399377,2.0549722899579415e-11,0.04612144182118137,0.1178765158638453,Low
lag_106,48901.532314731594,48595.88365062505,10591.159941033735,8955.715213614243,-0.031164513890958662,0.031164513890958662,0.04542854808399377,2.0549722899579415e-11,0.04614066771286157,0.11788890764730418,Low
lag_107,48903.32282049187,48597.989868453304,10593.611413277138,8958.792519039309,-0.031123663997991928,0.031123663997991928,0.04542854808399377,2.0549722899579415e-11,0.04614019345711922,0.11788704819291232,Low
lag_108,48905.0469809625,48600.12762480595,10595.89165719183,8961.837746366144,-0.031073200973529627,0.031073200973529627,0.04542854808399377,2.0549722899579415e-11,0.04604198199368813,0.11788562949958814,Low
lag_109,48906.678078274366,48602.04820655282,10597.809018223214,8964.481239230572,-0.03103660869823462,0.03103660869823462,0.04542854808399377,2.0549722899579415e-11,0.0459603901454726,0.11787084711396095,Low
lag_110,48908.20884059155,48603.9169049759,10599.280348744622,8966.726968968762,-0.030996431538709544,0.030996431538709544,0.04542854808399377,2.0549722899579415e-11,0.0461605714124518,0.11785012187828305,Low
lag_111,48909.59040771305,48605.699240133996,10600.34725016034,8968.594475305528,-0.030951102758947704,0.030951102758947704,0.04542854808399377,2.0549722899579415e-11,0.04632153463209766,0.11782428616999775,Low
lag_112,48910.864531415966,48607.470463273145,10601.212120916432,8970.34080654466,-0.030896494487915815,0.030896494487915815,0.04542854808399377,2.0549722899579415e-11,0.046372697045979266,0.11779395675462344,Low
lag_113,48912.076558542365,48609.28335648337,10602.032346739128,8972.191358358568,-0.030831260542804276,0.030831260542804276,0.04542854808399377,2.0549722899579415e-11,0.04624517598867429,0.11775894932718171,Low
lag_114,48913.273551760765,48611.13628564425,10602.900001649698,8974.170582591521,-0.030760172698925423,0.030760172698925423,0.04542854808399377,2.0549722899579415e-11,0.046146498830055255,0.11772469990824837,Low
lag_115,48914.49881526268,48613.02075332952,10603.885458556324,8976.362152727232,-0.030688270217610076,0.030688270217610076,0.04542854808399377,2.0549722899579415e-11,0.04604077858950194,0.11768897911647051,Low
lag_116,48915.69425606667,48614.90816243157,10604.929501764223,8978.65984539071,-0.03061280579567884,0.03061280579567884,0.04542854808399377,2.0549722899579415e-11,0.045950301724763394,0.11765633628403754,Low
lag_117,48916.996078110955,48616.82163575455,10606.203041048097,8981.134313336026,-0.03054490296493758,0.03054490296493758,0.04542854808399377,2.0549722899579415e-11,0.04597397145670757,0.11762777214569219,Low
lag_118,48918.38499877441,48618.764523245365,10607.736633998464,8983.664736445297,-0.030482379316898386,0.030482379316898386,0.04542854808399377,2.0549722899579415e-11,0.045852082421970114,0.11761558809955831,Low
lag_119,48919.94950567857,48620.78617534112,10609.652149495512,8986.458967707149,-0.030428718107237362,0.030428718107237362,0.04542854808399377,2.0549722899579415e-11,0.045787309128942744,0.11760774545695972,Low
lag_120,48921.585913881856,48622.94672767383,10611.843213892022,8989.538893007075,-0.03036740662322882,0.03036740662322882,0.04542854808399377,2.0549722899579415e-11,0.04572376386314371,0.1175982225401465,Low
lag_121,48923.11643108097,48625.10728000654,10613.92430294639,8992.650399963326,-0.03029550076847127,0.03029550076847127,0.04542854808399377,2.0549722899579415e-11,0.04580390721883103,0.11757782068028177,Low
lag_122,48924.58762970831,48627.2244464417,10615.827964429076,8995.765541344797,-0.03022230155422538,0.03022230155422538,0.04542854808399377,2.0549722899579415e-11,0.04591547340223341,0.11754940909503866,Low
lag_123,48926.04183348313,48629.3819756516,10617.63829095577,8998.893136016373,-0.030143447312135238,0.030143447312135238,0.04542854808399377,2.0549722899579415e-11,0.045998839515367,0.11752334897555676,Low
lag_124,48927.503881036035,48631.58493340959,10619.354061847202,9002.039902109502,-0.030060942336033215,0.030060942336033215,0.04542854808399377,2.0549722899579415e-11,0.04619615257096668,0.1175019601586199,Low
lag_125,48928.94345943296,48633.834136775884,10620.96187570595,9005.269768665812,-0.029971559568477565,0.029971559568477565,0.04542854808399377,2.0549722899579415e-11,0.046130882430899786,0.11747228703793268,Low
lag_126,48930.30925729226,48636.140289239316,10622.3887130876,9008.560557297518,-0.029869156677052002,0.029869156677052002,0.04542854808399377,2.0549722899579415e-11,0.04593979088397264,0.11743402440577344,Low
lag_127,48931.58468829153,48638.49391290138,10623.606400351295,9011.86800765754,-0.029753125815282562,0.029753125815282562,0.04542854808399377,2.0549722899579415e-11,0.0458180630927327,0.11738632373751585,Low
lag_128,48932.76550371762,48640.86845330501,10624.609574762959,9015.072355305161,-0.02962590949425031,0.02962590949425031,0.045510254105727566,1.8760737396029104e-11,0.04575900225913136,0.11733148254868742,Low
lag_129,48933.920581746876,48643.22224037912,10625.482555248505,9018.116193112723,-0.029498668681192698,0.029498668681192698,0.04559196012746142,1.712468808976196e-11,0.045701233454504844,0.11727049904056415,Low
lag_130,48935.07296347741,48645.47128033336,10626.226690308127,9020.826832359176,-0.029382490769991006,0.029382490769991006,0.04567366614919521,1.5628750781979164e-11,0.04558860416703217,0.11720509534650542,Low
lag_131,48936.28507230983,48647.619086526676,10626.878774702775,9023.06153468955,-0.02928347371266803,0.02928347371266803,0.04575537217092901,1.4261154719691056e-11,0.04555676429529639,0.1171459129895833,Low
lag_132,48937.53501103031,48649.603562382545,10627.42864686231,9024.695580054035,-0.02920586532144532,0.02920586532144532,0.04575537217092901,1.4261154719691056e-11,0.04547156346319821,0.11710191807765047,Low
lag_133,48938.944685023285,48651.51646376338,10627.83005719484,9025.827484651883,-0.02915264947844104,0.02915264947844104,0.04575537217092901,1.4261154719691056e-11,0.04534621987661562,0.1170663359857345,Low
lag_134,48940.47757169703,48653.40861181469,10628.050124433486,9026.332808523115,-0.02911517779334848,0.02911517779334848,0.04575537217092901,1.4261154719691056e-11,0.04520383178595442,0.11705472509193686,Low
lag_135,48942.19650298227,48655.387123130975,10628.078211834438,9026.471579176878,-0.029088618543656887,0.029088618543656887,0.04575537217092901,1.4261154719691056e-11,0.045310166403920264,0.11705176347085469,Low
lag_136,48943.970177302064,48657.33662880954,10627.948860718028,9026.291806787562,-0.02907123364923012,0.02907123364923012,0.04575537217092901,1.4261154719691056e-11,0.04532572889844377,0.11705847732694966,Low
lag_137,48945.87106789771,48659.3966010295,10627.744349156172,9025.96696149001,-0.02905586212411914,0.02905586212411914,0.04575537217092901,1.4261154719691056e-11,0.045292929327336987,0.11706944039971687,Low
lag_138,48947.80782743688,48661.493504371276,10627.568519045777,9025.61837291046,-0.02904036853354294,0.02904036853354294,0.04575537217092901,1.4261154719691056e-11,0.045155773705913275,0.11708401654966895,Low
lag_139,48949.8056213743,48663.672113734785,10627.516954133305,9025.364054855228,-0.029022453215450127,0.029022453215450127,0.04575537217092901,1.4261154719691056e-11,0.0451033193154225,0.11710096810666552,Low
lag_140,48951.81983822208,48665.9075087834,10627.62160881711,9025.273579709481,-0.0289999750584912,0.0289999750584912,0.04575537217092901,1.4261154719691056e-11,0.04527234119906204,0.11711832017623579,Low
lag_141,48953.88438597925,48668.21668436964,10627.940611693039,9025.470827085543,-0.028974391929977784,0.028974391929977784,0.04575537217092901,1.4261154719691056e-11,0.04533502142984355,0.11713259449887975,Low
lag_142,48955.86722771468,48670.497834790425,10628.38540548749,9025.914168519055,-0.02894283594344728,0.02894283594344728,0.04575537217092901,1.4261154719691056e-11,0.045310800613389136,0.11714176841108874,Low
lag_143,48957.87082277964,48672.72987989215,10628.937383629682,9026.621741455701,-0.028917843572540285,0.028917843572540285,0.04575537217092901,1.4261154719691056e-11,0.045127511208014254,0.11714109678643406,Low
lag_144,48959.85341939701,48674.955388512135,10629.585854873072,9027.452367132164,-0.02889107037217419,0.02889107037217419,0.04575537217092901,1.4261154719691056e-11,0.0450282139373457,0.11713998447540089,Low
lag_145,48961.974997957346,48677.293079499956,10630.589971098401,9028.650563073697,-0.028865965105112853,0.028865965105112853,0.04575537217092901,1.4261154719691056e-11,0.044953935082143376,0.1171395035080103,Low
lag_146,48963.967644415396,48679.53296837977,10631.815043651337,9030.064692616723,-0.028837072077581318,0.028837072077581318,0.04575537217092901,1.4261154719691056e-11,0.04491543845194788,0.11714322038023854,Low
lag_147,48965.8680447749,48681.738704142495,10633.107406786883,9031.656765552154,-0.028801954083150453,0.028801954083150453,0.04575537217092901,1.4261154719691056e-11,0.044725427250919055,0.11714429706659925,Low
lag_148,48967.74213579541,48683.93602418498,10634.471092318861,9033.45928928556,-0.028764639680147187,0.028764639680147187,0.04575537217092901,1.4261154719691056e-11,0.04462242570041447,0.11713867950349313,Low
lag_149,48969.40264727511,48685.9981207615,10635.637258454957,9035.13489489313,-0.02871987555799829,0.02871987555799829,0.04575537217092901,1.4261154719691056e-11,0.044746399270536225,0.1171321581166038,Low
lag_150,48971.04575537217,48688.05474303456,10636.663456687857,9036.742802375795,-0.028674224541369735,0.028674224541369735,0.04575537217092901,1.4261154719691056e-11,0.04508071998774209,0.11711872971565113,Low
lag_151,48972.77016096086,48690.2545142577,10637.807565149793,9038.59005173879,-0.02862181708348809,0.02862181708348809,0.04575537217092901,1.4261154719691056e-11,0.04497445886232903,0.11710230846273104,Low
lag_152,48974.47446686821,48692.43361385734,10639.132417445748,9040.72118047076,-0.028568825023811018,0.028568825023811018,0.045837078192662806,1.3011097947586026e-11,0.04485533580123153,0.11708329491643499,Low
lag_153,48976.188740910206,48694.60756597761,10640.705270784221,9043.228127776372,-0.028516498938822105,0.028516498938822105,0.0459187842143966,1.1868669301934041e-11,0.04492615517092717,0.11706010644747003,Low
lag_154,48977.85734128605,48696.74556744832,10642.454215075899,9046.023086129355,-0.028462555878874633,0.028462555878874633,0.0459187842143966,1.1868669301934041e-11,0.044748900244534005,0.11703490387873718,Low
lag_155,48979.54007680366,48698.83356483373,10644.304288834066,9048.978178700558,-0.028414761913022207,0.028414761913022207,0.0459187842143966,1.1868669301934041e-11,0.04465109434316551,0.11700194278568068,Low
lag_156,48981.17713865512,48700.80643843451,10646.048456126982,9051.686078326225,-0.028374507951019437,0.028374507951019437,0.0459187842143966,1.1868669301934041e-11,0.04466810101754766,0.11697049444144589,Low
lag_157,48982.78413269058,48702.61034398235,10647.589068360983,9053.977475807164,-0.028349187486942592,0.028349187486942592,0.0459187842143966,1.1868669301934041e-11,0.044908006428598324,0.11693803834640652,Low
lag_158,48984.35297001389,48704.29504044448,10648.817230539866,9055.749651984948,-0.02833324040846076,0.02833324040846076,0.0459187842143966,1.1868669301934041e-11,0.044716905763575815,0.11691060239580688,Low
lag_159,48985.78445951467,48705.80709208269,10649.719457702735,9057.08414791892,-0.02832194586254762,0.02832194586254762,0.0459187842143966,1.1868669301934041e-11,0.044505507644532316,0.11688533831465536,Low
lag_160,48987.13816488275,48707.332543508455,10650.473526877024,9058.222542381143,-0.02830191645971384,0.02830191645971384,0.0460004902361304,1.0824776538622169e-11,0.04443154082063158,0.11686866994607269,Low
lag_161,48988.45763542773,48708.82302475692,10651.20341564602,9059.350576852035,-0.02828201599840705,0.02828201599840705,0.0460004902361304,1.0824776538622169e-11,0.04454542776470633,0.11685015967397469,Low
lag_162,48989.73780537626,48710.35011030313,10651.96357959981,9060.561702030496,-0.02825428755953873,0.02825428755953873,0.0460004902361304,1.0824776538622169e-11,0.04446520923897285,0.11683290767388474,Low
lag_163,48991.05547838876,48711.8725386061,10652.81945461633,9061.950916562113,-0.028230447651049918,0.028230447651049918,0.0460004902361304,1.0824776538622169e-11,0.04437002354942496,0.11680710743813806,Low
lag_164,48992.344390881604,48713.4308358526,10653.756718989782,9063.474074202988,-0.028199778553205344,0.028199778553205344,0.0460004902361304,1.0824776538622169e-11,0.04425459735198012,0.11678406207742348,Low
lag_165,48993.7003840183,48715.05801127543,10654.85303589235,9065.185428445286,-0.02816844566167958,0.02816844566167958,0.0460004902361304,1.0824776538622169e-11,0.044309056183935394,0.11676222247491905,Low
lag_166,48995.13244546123,48716.830950241034,10656.154138783882,9067.120170830072,-0.028129472175759642,0.028129472175759642,0.0460004902361304,1.0824776538622169e-11,0.04418053542620198,0.11674897806529651,Low
lag_167,48996.672195440806,48718.78601192908,10657.691530047225,9069.528594660831,-0.028082011722103284,0.028082011722103284,0.0460004902361304,1.0824776538622169e-11,0.044178524314019516,0.11672826528718366,Low
lag_168,48998.274450527,48720.914535501266,10659.46364519784,9072.326753674353,-0.02802249548579335,0.02802249548579335,0.0460004902361304,1.0824776538622169e-11,0.044174546189821376,0.11671102866727615,Low
lag_169,48999.72906283193,48722.98790750878,10661.103588004264,9075.091425630115,-0.027953907742162002,0.027953907742162002,0.0460004902361304,1.0824776538622169e-11,0.043980693144661985,0.11669608753627254,Low
lag_170,49001.12010785195,48724.93782171746,10662.58781817356,9077.64441578125,-0.027891907385330282,0.027891907385330282,0.0460004902361304,1.0824776538622169e-11,0.04428992397734716,0.11667630321755003,Low
lag_171,49002.47226080562,48726.805539668276,10663.98288412368,9079.97003595513,-0.027834731864022008,0.027834731864022008,0.0460004902361304,1.0824776538622169e-11,0.04411442434987285,0.11666062584214584,Low
lag_172,49003.844350028594,48728.68461475611,10665.320324561253,9082.176706349333,-0.027778683238454515,0.027778683238454515,0.0460004902361304,1.0824776538622169e-11,0.04405716201260545,0.11664609609006381,Low
lag_173,49005.221750142984,48730.585587057765,10666.603646978097,9084.241371528627,-0.027721243628156148,0.027721243628156148,0.0460004902361304,1.0824776538622169e-11,0.04415489477018252,0.11663737817253879,Low
lag_174,49006.52283683307,48732.41702753493,10667.743238376708,9086.074191037655,-0.027663651304710997,0.027663651304710997,0.0460004902361304,1.0824776538622169e-11,0.04404658531756686,0.11663296806226257,Low
lag_175,49007.75349293243,48734.15033907999,10668.710145969597,9087.69588240769,-0.027609399493614902,0.027609399493614902,0.0460004902361304,1.0824776538622169e-11,0.04412253228757472,0.11662475639969906,Low
lag_176,49008.88920663453,48735.80570308032,10669.499429823034,9089.065584451508,-0.027554033778614314,0.027554033778614314,0.046082196257864194,9.871080125170549e-12,0.044248059519745406,0.11661870205626339,Low
lag_177,49009.98970504126,48737.425116431084,10670.161705278455,9090.251663921854,-0.027499177247919976,0.027499177247919976,0.04616390227959799,8.999932261618455e-12,0.04414299252078998,0.11661202276063537,Low
lag_178,49011.02851540159,48738.96682735518,10670.677146309352,9091.281810349234,-0.02744636302259626,0.02744636302259626,0.046245608301331786,8.204320727674e-12,0.044104334597400055,0.11659861796623243,Low
lag_179,49012.082523081954,48740.529455020835,10671.082559552306,9092.145261843698,-0.027393354696756283,0.027393354696756283,0.04632731432306558,7.477817183671954e-12,0.04422047628536053,0.11658427266235864,Low
lag_180,49013.131219870906,48742.09714845984,10671.35584732184,9092.835304025026,-0.027339721647004264,0.027339721647004264,0.04632731432306564,7.477817183671501e-12,0.044346330964817646,0.11656673951101312,Low
lag_181,49014.32747773511,48743.75218563608,10671.465903140706,9093.37643378583,-0.02729259741021732,0.02729259741021732,0.04632731432306564,7.477817183671501e-12,0.0441029842065776,0.1165391913492682,Low
lag_182,49015.63853255985,48745.555355829725,10671.352631290949,9093.675228803013,-0.027242749297489814,0.027242749297489814,0.04632731432306564,7.477817183671501e-12,0.04407569154679769,0.11650737492469836,Low
lag_183,49017.12680774573,48747.526268485984,10671.025598318873,9093.746416944245,-0.027194459860360905,0.027194459860360905,0.04632731432306564,7.477817183671501e-12,0.04404904778159463,0.11647413921646055,Low
lag_184,49018.65806029904,48749.567203202874,10670.536064941947,9093.621845413461,-0.02714392628284718,0.02714392628284718,0.04632731432306564,7.477817183671501e-12,0.044063898452180394,0.11643986455813693,Low
lag_185,49020.3071329357,48751.75406487458,10669.95048246172,9093.376510790798,-0.027090846752178124,0.027090846752178124,0.04632731432306564,7.477817183671501e-12,0.04406758660291947,0.11640796703766175,Low
lag_186,49022.003676770975,48754.00874254433,10669.381056271939,9093.128217638972,-0.02703569021062722,0.02703569021062722,0.04632731432306564,7.477817183671501e-12,0.04410471433632117,0.11637877685392922,Low
lag_187,49023.76027453224,48756.35395048615,10668.912090795915,9093.00708135511,-0.02697714848679465,0.02697714848679465,0.04632731432306558,7.477817183671954e-12,0.04410463351925261,0.11635155897146825,Low
lag_188,49025.54187433614,48758.75136857587,10668.560880177218,9093.056239022599,-0.026915473975381875,0.026915473975381875,0.04632731432306558,7.477817183671954e-12,0.04406230003193108,0.11632441032807073,Low
lag_189,49027.37976958902,48761.22951221505,10668.401964742254,9093.434507387752,-0.026850643418091253,0.026850643418091253,0.04632731432306558,7.477817183671954e-12,0.04405651987382796,0.11629483434531096,Low
lag_190,49029.173216766074,48763.67088814446,10668.38846958697,9094.065016594666,-0.02678451505210336,0.02678451505210336,0.04632731432306564,7.477817183671501e-12,0.04393195097183385,0.1162618499040174,Low
lag_191,49030.99297328213,48766.073372007515,10668.481418186624,9094.883712035304,-0.02672458074654479,0.02672458074654479,0.04632731432306564,7.477817183671501e-12,0.04376204706589772,0.11622577574045526,Low
lag_192,49032.847536563444,48768.43655527412,10668.69437869588,9095.848497667193,-0.026671772971074127,0.026671772971074127,0.04632731432306564,7.477817183671501e-12,0.043670980609774354,0.11618939845142019,Low
lag_193,49034.83977449138,48770.95473486396,10669.227061336109,9097.169887812353,-0.026616322817702195,0.026616322817702195,0.04632731432306564,7.477817183671501e-12,0.04355490446534015,0.11615822617215144,Low
lag_194,49036.718931285235,48773.38132200343,10670.025197422472,9098.69934002389,-0.02655807711608548,0.02655807711608548,0.04632731432306564,7.477817183671501e-12,0.043470116358501364,0.11613515650021558,Low
lag_195,49038.53198790751,48775.711005801124,10670.917816412513,9100.330193824795,-0.02650269064692292,0.02650269064692292,0.04632731432306564,7.477817183671501e-12,0.04347008243734177,0.11611237152244831,Low
lag_196,49040.36334667865,48778.00482065528,10671.95685709372,9102.128740799002,-0.026452364409660624,0.026452364409660624,0.04632731432306558,7.477817183671954e-12,0.04333725727427794,0.11608852585434723,Low
lag_197,49042.02998610998,48780.115859138816,10672.86085618386,9103.741990947512,-0.026404292224827382,0.026404292224827382,0.04632731432306558,7.477817183671954e-12,0.04328282064217177,0.11606482897208523,Low
lag_198,49043.709780210804,48782.174687474464,10673.648974484799,9105.202555901504,-0.026363172530512218,0.026363172530512218,0.04632731432306558,7.477817183671954e-12,0.04318579352979857,0.11603804793008204,Low
lag_199,49045.49701773021,48784.35615654874,10674.577811848167,9106.812719867521,-0.02632014716523588,0.02632014716523588,0.04632731432306564,7.477817183671501e-12,0.043108942037862585,0.11601398196993991,Low
lag_200,49047.29169049759,48786.5259416619,10675.751956167564,9108.696814676472,-0.02627837686186514,0.02627837686186514,0.04632731432306564,7.477817183671501e-12,0.043543172422159514,0.11599106638987157,Low
lag_201,49049.12852357219,48788.69270365226,10677.26358789425,9111.006770541097,-0.026240174963468296,0.026240174963468296,0.046409020344799434,6.814529580846938e-12,0.044057907369894275,0.1159644673663919,Low
lag_202,49050.95661410246,48790.80782743688,10679.057232672945,9113.639845999292,-0.026205516573544703,0.026205516573544703,0.046409020344799434,6.814529580846938e-12,0.04400625100511317,0.11593570935348142,Low
lag_203,49052.84582073699,48792.88054579622,10681.087602835581,9116.428660633423,-0.026180774787434812,0.026180774787434812,0.046409020344799434,6.814529580846938e-12,0.043941677839844,0.11590562373375163,Low
lag_204,49054.74205408939,48794.925157284095,10683.141130574591,9119.086658301454,-0.02615970752453865,0.02615970752453865,0.046409020344799434,6.814529580846938e-12,0.04382369867271141,0.1158829617927015,Low
lag_205,49056.62300841572,48796.86183511725,10685.024150841102,9121.49290543338,-0.026148522408508,0.026148522408508,0.046409020344799434,6.814529580846938e-12,0.043865432289622766,0.11585678937699193,Low
lag_206,49058.537298798925,48798.773510907755,10686.694281005151,9123.530140979776,-0.026143960307138624,0.026143960307138624,0.046409020344799434,6.814529580846938e-12,0.043803788482370765,0.11583655765827655,Low
lag_207,49060.367677097805,48800.59114306724,10688.042234871686,9125.163501019757,-0.0261413629021061,0.0261413629021061,0.046409020344799434,6.814529580846938e-12,0.04383612840443893,0.115820893632714,Low
lag_208,49062.1469891331,48802.38957431163,10689.232185840934,9126.615508382001,-0.026136002513839525,0.026136002513839525,0.046409020344799434,6.814529580846938e-12,0.0437380786166436,0.1158086116745138,Low
lag_209,49063.88152626849,48804.19241768118,10690.422932461222,9128.04303722903,-0.026125723538425846,0.026125723538425846,0.046409020344799434,6.814529580846938e-12,0.04366299160907176,0.11580138344366517,Low
lag_210,49065.59571860446,48806.01045837078,10691.685803869843,9129.573218499621,-0.026111646347240083,0.026111646347240083,0.04649072636653323,6.209058362355694e-12,0.043993370396085585,0.1157946213382417,Low
lag_211,49067.316038892066,48807.87842143966,10693.071092807242,9131.32653268486,-0.026092726755483225,0.026092726755483225,0.04657243238826703,5.656456160506303e-12,0.04410112042713052,0.11578419710184,Low
lag_212,49069.00008170602,48809.77906691723,10694.548135504194,9133.237353193384,-0.02606655962500771,0.02606655962500771,0.04657243238826703,5.656456160506303e-12,0.043868003329583224,0.11577519651652811,Low
lag_213,49070.7398480268,48811.6980962497,10696.215068229605,9135.354385640616,-0.02604364009240163,0.02604364009240163,0.04657243238826703,5.656456160506303e-12,0.04377771271425505,0.11576372308556301,Low
lag_214,49072.50167497344,48813.68886346924,10698.02494822917,9137.579243380274,-0.026015405115274854,0.026015405115274854,0.04657243238826703,5.656456160506303e-12,0.04374457900338749,0.11575997845436188,Low
lag_215,49074.35476754637,48815.86575700629,10700.062072509292,9140.168189558262,-0.025976892609151068,0.025976892609151068,0.04657243238826703,5.656456160506303e-12,0.043861844847397594,0.11575552534984716,Low
lag_216,49076.259498325024,48818.12901380832,10702.335513242535,9143.040090858989,-0.025934239141062417,0.025934239141062417,0.04657243238826703,5.656456160506303e-12,0.04393611801091636,0.11575278569622766,Low
lag_217,49078.093063158754,48820.25721055642,10704.578476234778,9145.726362789519,-0.025898289575006606,0.025898289575006606,0.04657243238826703,5.656456160506303e-12,0.04385058612885735,0.11575614717114674,Low
lag_218,49079.93814854155,48822.26047879729,10706.811045702543,9148.188408044529,-0.025876341985363135,0.025876341985363135,0.04657243238826703,5.656456160506303e-12,0.04385730842410806,0.11576207686258143,Low
lag_219,49081.78968870006,48824.22746956451,10709.003869890914,9150.51150448714,-0.025858916047714182,0.025858916047714182,0.04657243238826703,5.656456160506303e-12,0.04376969119832422,0.1157709286394273,Low
lag_220,49083.6905792957,48826.22542691397,10711.180869563066,9152.748659542705,-0.025843467727546622,0.025843467727546622,0.04657243238826703,5.656456160506303e-12,0.043675154202613385,0.1157821218532008,Low
lag_221,49085.64539586568,48828.229757333116,10713.413888413803,9154.947300789283,-0.025832766152969075,0.025832766152969075,0.04657243238826703,5.656456160506303e-12,0.04362542659347478,0.11579540483502447,Low
lag_222,49087.62145600131,48830.1951139799,10715.608930555974,9157.034321796478,-0.025828296826613816,0.025828296826613816,0.04657243238826703,5.656456160506303e-12,0.043521212812480864,0.11580884108968433,Low
lag_223,49089.63510090694,48832.11986273388,10717.791715728285,9158.884329770823,-0.025831972221183372,0.025831972221183372,0.04665413841000082,5.152190717939411e-12,0.0434126246267855,0.11583209363862254,Low
lag_224,49091.667456491545,48833.92613775635,10719.90095692267,9160.469900156231,-0.025849822052774724,0.025849822052774724,0.04673584443173462,4.692110781130035e-12,0.04333771751067886,0.11586023974938653,Low
lag_225,49093.73510907754,48835.67129667456,10721.900413184057,9161.832267740794,-0.02587775223278198,0.02587775223278198,0.04681755045346847,4.272414733706299e-12,0.043110284086147824,0.11589157321064107,Low
lag_226,49095.77759620884,48837.335648337285,10723.62603074979,9162.958408010127,-0.025911915841744012,0.025911915841744012,0.04681755045346847,4.272414733706299e-12,0.04318450149523192,0.11592043790773064,Low
lag_227,49097.750796633714,48838.92842552496,10724.96665050951,9163.910390637095,-0.025947045332061477,0.025947045332061477,0.04681755045346847,4.272414733706299e-12,0.04305096466140797,0.11593745715657539,Low
lag_228,49099.558624070596,48840.503554211944,10725.7934760159,9164.66085384649,-0.02596831888632745,0.02596831888632745,0.046817550453468415,4.272414733706581e-12,0.04306826224939881,0.115940677688841,Low
lag_229,49101.373478225345,48842.14094288749,10726.178500035692,9165.225533610223,-0.025984893672407597,0.025984893672407597,0.046817550453468415,4.272414733706581e-12,0.04303791660351006,0.11592697887849665,Low
lag_230,49103.14707083912,48843.918702508374,10726.098509119167,9165.509298481798,-0.025984248475007254,0.025984248475007254,0.046817550453468415,4.272414733706581e-12,0.04303226853774514,0.11590213436323936,Low
lag_231,49104.987090448565,48845.890432224856,10725.668423093606,9165.506307261972,-0.025971651730725482,0.025971651730725482,0.046817550453468415,4.272414733706581e-12,0.04296945392561477,0.1158727455546029,Low
lag_232,49106.79312035297,48847.932674238094,10724.971983167317,9165.267796936872,-0.02594923281529485,0.02594923281529485,0.046817550453468415,4.272414733706581e-12,0.042952686259185094,0.11583750840021108,Low
lag_233,49108.694501184735,48850.10981289321,10724.127319087765,9164.881777548391,-0.02592323046753732,0.02592323046753732,0.046817550453468415,4.272414733706581e-12,0.04286742835728441,0.1158027396402268,Low
lag_234,49110.62309012174,48852.352234659695,10723.261612858512,9164.509929100666,-0.025893420004354142,0.025893420004354142,0.046817550453468415,4.272414733706581e-12,0.04284960445698863,0.11576583052440331,Low
lag_235,49112.60870986192,48854.684206226,10722.44950031462,9164.257754338929,-0.025860128020992204,0.025860128020992204,0.04681755045346847,4.272414733706299e-12,0.042848656042413544,0.11572679774637988,Low
lag_236,49114.60650379933,48857.0793365471,10721.761382852304,9164.202639035846,-0.025821313259980785,0.025821313259980785,0.04681755045346847,4.272414733706299e-12,0.042856638543152636,0.11568507992709605,Low
lag_237,49116.65250428957,48859.53599150258,10721.246303963266,9164.486037028682,-0.02578051751727692,0.02578051751727692,0.04681755045346847,4.272414733706299e-12,0.042909788700927154,0.11563730639563109,Low
lag_238,49118.62300841572,48861.955143394065,10720.877397106296,9165.003999231963,-0.02573543012647612,0.02573543012647612,0.046817550453468415,4.272414733706581e-12,0.042916929417474166,0.11558469803204,Low
lag_239,49120.60920009805,48864.355257782496,10720.604663649403,9165.732343750957,-0.025693442616112422,0.025693442616112422,0.046817550453468415,4.272414733706581e-12,0.042770987513402435,0.11552671304490679,Low
lag_240,49122.6109159245,48866.678241686415,10720.452654635723,9166.612248791396,-0.0256604003987733,0.0256604003987733,0.046817550453468415,4.272414733706581e-12,0.0425552085806799,0.11546692177917199,Low
lag_241,49124.76493177547,48869.16970340714,10720.586030798608,9167.918570758184,-0.025624840794706984,0.025624840794706984,0.046817550453468415,4.272414733706581e-12,0.04233627600190795,0.11540623637017879,Low
lag_242,49126.8003921889,48871.60446114879,10721.029776588279,9169.475792470439,-0.02558236187499945,0.02558236187499945,0.046817550453468415,4.272414733706581e-12,0.04210812769842067,0.11535159483443991,Low
lag_243,49128.80725549473,48873.930958411634,10721.621689904752,9171.213428388472,-0.025547459912126372,0.025547459912126372,0.046817550453468415,4.272414733706581e-12,0.04205182501341874,0.11529291823714566,Low
lag_244,49130.83037829888,48876.2789443582,10722.337139577883,9173.161355515613,-0.025511624684603617,0.025511624684603617,0.046817550453468415,4.272414733706581e-12,0.04195735947335674,0.1152309239738718,Low
lag_245,49132.721709289974,48878.482555764356,10722.955590453194,9174.97981797163,-0.025477344421995632,0.025477344421995632,0.04681755045346847,4.272414733706299e-12,0.04196949671017436,0.11516621564364016,Low
lag_246,49134.69401094861,48880.680774573084,10723.503841440748,9176.686587268658,-0.025451952663383015,0.025451952663383015,0.04681755045346847,4.272414733706299e-12,0.04189750561249657,0.1151010567977202,Low
lag_247,49136.79418253125,48882.995996404934,10724.194231826168,9178.635391309834,-0.02542717699808378,0.02542717699808378,0.04681755045346847,4.272414733706299e-12,0.04175802279038129,0.11503351898827446,Low
lag_248,49138.938638777676,48885.367268567694,10725.165641227968,9180.924012752168,-0.025400447178037893,0.025400447178037893,0.046817550453468415,4.272414733706581e-12,0.04192360784585567,0.11496599434529832,Low
lag_249,49141.188659204185,48887.76109159245,10726.4857480184,9183.681807118137,-0.025381015240186135,0.025381015240186135,0.046817550453468415,4.272414733706581e-12,0.04205272493033335,0.11489042022269111,Low
lag_250,49143.500857913226,48890.153443908814,10728.127359007078,9186.975515023396,-0.025366899378685193,0.025366899378685193,0.04673584443173462,4.692110781130035e-12,0.04209024587672221,0.11480008358056121,Low
lag_251,49145.917476918046,48892.565732494484,10730.02360905713,9190.579370974741,-0.02536053778369104,0.02536053778369104,0.04665413841000082,5.152190717939411e-12,0.042293212174388015,0.114702803342603,Low
lag_252,49148.32976550372,48894.941661900484,10731.858153591047,9194.189574537777,-0.025357461206383082,0.025357461206383082,0.04657243238826703,5.656456160506303e-12,0.042165532240583614,0.11459863348046966,Low
lag_253,49150.690089059564,48897.26668845494,10733.340968453673,9197.571954522024,-0.025355024662834985,0.025355024662834985,0.04649072636653323,6.209058362355694e-12,0.04210897661266947,0.11448563751565904,Low
lag_254,49152.99656834709,48899.5665495547,10734.424956062438,9200.595218943026,-0.02535068230178907,0.02535068230178907,0.046409020344799434,6.814529580846938e-12,0.04212401619415854,0.11437064261403723,Low
lag_255,49155.18228613449,48901.83822207696,10735.144803722273,9203.209027326293,-0.02533805595944439,0.02533805595944439,0.046409020344799434,6.814529580846938e-12,0.041927864980923116,0.1142594780284825,Low
lag_256,49157.29675627094,48904.08039872539,10735.646912375156,9205.56073956684,-0.025321859654147096,0.025321859654147096,0.046409020344799434,6.814529580846938e-12,0.041806569646081135,0.11414984436615948,Low
lag_257,49159.405098455754,48906.32698749898,10736.112859850602,9207.949111309037,-0.025304619993609938,0.025304619993609938,0.046409020344799434,6.814529580846938e-12,0.04166062949238122,0.11403587901360666,Low
lag_258,49161.51597352725,48908.60421603072,10736.625429280812,9210.439453696472,-0.025284392822806933,0.025284392822806933,0.04640902034479938,6.8145295808473505e-12,0.04171481105050612,0.11392068308364517,Low
lag_259,49163.623498651854,48910.92033662881,10737.256184832047,9213.128936433965,-0.02525955696399294,0.02525955696399294,0.04640902034479938,6.8145295808473505e-12,0.04165215585719918,0.11380394870924151,Low
lag_260,49165.73339325108,48913.17877277555,10738.042915804559,9215.819472034287,-0.025240518140342696,0.025240518140342696,0.046409020344799434,6.814529580846938e-12,0.04142826957500708,0.11369333028047353,Low
lag_261,49167.88152626849,48915.41980553967,10739.020248448067,9218.667237362724,-0.02522660498090436,0.02522660498090436,0.04632731432306564,7.477817183671501e-12,0.04157664887689755,0.11358294137577046,Low
lag_262,49170.022550862,48917.70651196993,10740.18709966649,9221.577897393969,-0.02520709447848127,0.02520709447848127,0.04624560830133184,8.204320727673505e-12,0.04175133118717253,0.11348493322241966,Low
lag_263,49172.23016586323,48920.07263665332,10741.533837051964,9224.719666859102,-0.025185799498840932,0.025185799498840932,0.046163902279598046,8.99993226161783e-12,0.04174199737432124,0.11338791516535086,Low
lag_264,49174.40191192091,48922.54979982025,10743.137766326148,9228.138747121327,-0.02514917601290334,0.02514917601290334,0.04608219625786425,9.871080125169879e-12,0.04185832932500529,0.1133017925071172,Low
lag_265,49176.45052700384,48924.98480267996,10744.730500674947,9231.526241245463,-0.025104538048522716,0.025104538048522716,0.046000490236130454,1.0824776538621537e-11,0.041914144358375496,0.11322058140863885,Low
lag_266,49178.532478143636,48927.34569817795,10746.246217868369,9234.84961658803,-0.025070822403354457,0.025070822403354457,0.0459187842143966,1.1868669301934041e-11,0.041731271279736276,0.11312975081979022,Low
lag_267,49180.69956695809,48929.6710515565,10747.62404943186,9238.08357050829,-0.02504945225208793,0.02504945225208793,0.045837078192662806,1.3011097947586026e-11,0.04171718076052623,0.11302764711530253,Low
lag_268,49182.935288830784,48931.98774409674,10748.875567499199,9241.199234361891,-0.025036107903088002,0.025036107903088002,0.04575537217092901,1.4261154719691056e-11,0.04165111493929284,0.11292086113522855,Low
lag_269,49185.24462782907,48934.32151319552,10750.038654477765,9244.270703297258,-0.025028577751910884,0.025028577751910884,0.04567366614919521,1.5628750781979164e-11,0.041713883299620336,0.11280984447770095,Low
lag_270,49187.6105073944,48936.69515483291,10751.087415402957,9247.379136932099,-0.025022822995163892,0.025022822995163892,0.04559196012746142,1.712468808976196e-11,0.041769974232144694,0.11269105211616866,Low
lag_271,49190.04420295776,48939.06961353052,10751.9657240682,9250.375070896222,-0.025024107810260456,0.025024107810260456,0.04559196012746142,1.712468808976196e-11,0.041595455903429585,0.11256727389259505,Low
lag_272,49192.54424381077,48941.417272652994,10752.625990540242,9253.2597788392,-0.025035097036001142,0.025035097036001142,0.04559196012746142,1.712468808976196e-11,0.04130914765144271,0.11243456513960216,Low
lag_273,49195.126644333686,48943.77163166925,10753.04775089261,9255.936793744375,-0.025054181974695545,0.025054181974695545,0.04559196012746142,1.712468808976196e-11,0.04122571005960525,0.11230074673469082,Low
lag_274,49197.73388348721,48946.059890513934,10753.149723906112,9258.305627075011,-0.02508310792083148,0.02508310792083148,0.04559196012746142,1.712468808976196e-11,0.041326861576382413,0.11216426427117222,Low
lag_275,49200.26815916333,48948.237110875074,10752.901198846967,9260.239496655135,-0.025116793607019995,0.025116793607019995,0.04559196012746142,1.712468808976196e-11,0.0413300175625011,0.1120296731632278,Low
lag_276,49202.55617288994,48950.23604869679,10752.325416569514,9261.589027108455,-0.02514481472692219,0.02514481472692219,0.04559196012746142,1.712468808976196e-11,0.041257909217486906,0.11190335997073644,Low
lag_277,49204.665985783155,48952.184001960944,10751.477399978923,9262.439397203305,-0.025161099883001026,0.025161099883001026,0.04559196012746142,1.712468808976196e-11,0.04120196499170634,0.11178888414094625,Low
lag_278,49206.547838875726,48954.117166435164,10750.437553108155,9262.746373216696,-0.025157027784775982,0.025157027784775982,0.04559196012746136,1.7124688089763e-11,0.04119229221925407,0.11169087664193807,Low
lag_279,49208.350763951305,48956.15622191355,10749.282081212363,9262.610738918896,-0.025135202521686384,0.025135202521686384,0.04559196012746136,1.7124688089763e-11,0.04113355504462746,0.11161135056398383,Low
lag_280,49210.0255739848,48958.18784214397,10748.089597170554,9262.166206937462,-0.025101752113022107,0.025101752113022107,0.04559196012746142,1.712468808976196e-11,0.0411033253974964,0.11155083894635233,Low
lag_281,49211.7184410491,48960.356810196914,10746.879839803722,9261.550476544324,-0.025056625322136893,0.025056625322136893,0.04559196012746142,1.712468808976196e-11,0.04111910128404746,0.11149798942497958,Low
lag_282,49213.39194378626,48962.580848108504,10745.749479083119,9260.87291362394,-0.025004034716246605,0.025004034716246605,0.04559196012746142,1.712468808976196e-11,0.04120333587663996,0.11144902638905257,Low
lag_283,49215.09665822371,48964.88438597925,10744.70727828399,9260.239296513653,-0.024946452141611602,0.024946452141611602,0.04559196012746142,1.712468808976196e-11,0.04105255505209729,0.11140247730729358,Low
lag_284,49216.80913473323,48967.25304354931,10743.801738060816,9259.744060235189,-0.02488280058302279,0.02488280058302279,0.04559196012746142,1.712468808976196e-11,0.040999670389710585,0.11135870068285049,Low
lag_285,49218.53811585914,48969.70128278454,10743.071553872867,9259.534265675278,-0.024812291799740677,0.024812291799740677,0.04559196012746142,1.712468808976196e-11,0.04084430087666742,0.11131311492825392,Low
lag_286,49220.18310319471,48972.11087507149,10742.502563385571,9259.558881651967,-0.02473677434216099,0.02473677434216099,0.04559196012746142,1.712468808976196e-11,0.04058185195559881,0.11126482659019997,Low
lag_287,49221.847618269465,48974.48320941253,10742.005635518897,9259.786439844975,-0.024666589657888746,0.024666589657888746,0.04559196012746142,1.712468808976196e-11,0.04056106378998563,0.11121144389205354,Low
lag_288,49223.51368575864,48976.79385570717,10741.605291164991,9260.132130386683,-0.024602448264801357,0.024602448264801357,0.04559196012746136,1.7124688089763e-11,0.040385284108767704,0.11115900403723133,Low
lag_289,49225.31211700302,48979.259825149114,10741.471196144967,9260.809964051385,-0.024535292582981778,0.024535292582981778,0.04559196012746136,1.7124688089763e-11,0.04031137810141441,0.11111323084127904,Low
lag_290,49227.02132527167,48981.65193234741,10741.636098678386,9261.819373709512,-0.024465844279935877,0.024465844279935877,0.04559196012746142,1.712468808976196e-11,0.04017152899796638,0.11107157583869866,Low
lag_291,49228.6905792957,48983.97916496446,10741.927648166002,9263.050946156352,-0.02439847373315599,0.02439847373315599,0.04559196012746142,1.712468808976196e-11,0.04021369193688777,0.11102626273812408,Low
lag_292,49230.40885693276,48986.39227061034,10742.341688426282,9264.482543133987,-0.024327056012897905,0.024327056012897905,0.04559196012746142,1.712468808976196e-11,0.04012171500102579,0.11098147402925303,Low
lag_293,49232.03251899665,48988.68200016341,10742.708933592421,9265.889336320399,-0.0242586060833899,0.0242586060833899,0.04559196012746142,1.712468808976196e-11,0.03994963167219382,0.1109317567398432,Low
lag_294,49233.72252635019,48991.06650870169,10743.002344470107,9267.216647014342,-0.024187517240805045,0.024187517240805045,0.04559196012746142,1.712468808976196e-11,0.03981948626885517,0.11088233337571651,Low
lag_295,49235.56303619577,48993.61075251246,10743.42881701325,9268.819880197028,-0.02411504143353619,0.02411504143353619,0.04559196012746142,1.712468808976196e-11,0.03963616405036133,0.11083065019176466,Low
lag_296,49237.482555764356,48996.20606258681,10744.11023556559,9270.91634147514,-0.024044491305586835,0.024044491305586835,0.04559196012746142,1.712468808976196e-11,0.0397245985268505,0.11077141458393329,Low
lag_297,49239.50772121905,48998.88316038892,10745.124740076113,9273.621066023372,-0.023975239753813635,0.023975239753813635,0.04559196012746136,1.7124688089763e-11,0.03958020117653355,0.11070400964317947,Low
lag_298,49241.65258599559,49001.6586322412,10746.537690412883,9276.917790663403,-0.0239069777370446,0.0239069777370446,0.04559196012746136,1.7124688089763e-11,0.039568150777406434,0.11063322247187232,Low
lag_299,49243.932510826045,49004.55633630198,10748.215532281669,9280.59268241434,-0.023839272468061678,0.023839272468061678,0.04559196012746136,1.7124688089763e-11,0.039619244192013126,0.11056093777217531,Low
lag_300,49246.232617043876,49007.4890922461,10749.887892850797,9284.257346500219,-0.02377013943782832,0.02377013943782832,0.04559196012746142,1.712468808976196e-11,0.039350648887661696,0.11048985686896003,Low
lag_301,49248.458207369884,49010.347904240545,10751.309739081857,9287.542146940123,-0.02370171528131894,0.02370171528131894,0.04559196012746142,1.712468808976196e-11,0.039439354864929374,0.11042108974054711,Low
lag_302,49250.60952692213,49013.21643925157,10752.492548754662,9290.463863573432,-0.02362565832363643,0.02362565832363643,0.04559196012746142,1.712468808976196e-11,0.03913333333833885,0.11035860861647792,Low
lag_303,49252.68363428384,49016.07533295204,10753.4640911912,9292.974041431979,-0.02354361826462562,0.02354361826462562,0.04559196012746142,1.712468808976196e-11,0.03903208609380539,0.11030480454869253,Low
lag_304,49254.71223139145,49018.96225181796,10754.361122101911,9295.30397475257,-0.02345457705215648,0.02345457705215648,0.04559196012746142,1.712468808976196e-11,0.03911824127826806,0.1102574721840283,Low
lag_305,49256.731187188496,49021.91363673503,10755.32063838395,9297.647425283574,-0.023358099335843197,0.023358099335843197,0.04559196012746142,1.712468808976196e-11,0.03888390290830092,0.11021671678835286,Low
lag_306,49258.74082849906,49024.95342756761,10756.365507174074,9300.196100482584,-0.023251608011245994,0.023251608011245994,0.04559196012746142,1.712468808976196e-11,0.03886399975705764,0.11017608189798381,Low
lag_307,49260.77628891249,49028.04518343002,10757.557466130544,9303.054478009008,-0.02314204270078249,0.02314204270078249,0.04559196012746136,1.7124688089763e-11,0.038652766336700214,0.11013247552516811,Low
lag_308,49262.7834790424,49031.129422338425,10758.848778866106,9306.043537991358,-0.02303019655130772,0.02303019655130772,0.04559196012746136,1.7124688089763e-11,0.03847188704661979,0.11009094547614039,Low
lag_309,49264.831031947055,49034.24095105809,10760.327448918832,9309.285325849733,-0.0229192010713624,0.0229192010713624,0.04559196012746142,1.712468808976196e-11,0.03837652950488934,0.11005006056701828,Low
lag_310,49266.89966500531,49037.37846229267,10761.956638798665,9312.623750575236,-0.02280748496840638,0.02280748496840638,0.04559196012746142,1.712468808976196e-11,0.038217674991254044,0.11001514928333549,Low
lag_311,49269.00768036604,49040.60429773674,10763.742306595213,9316.239230162999,-0.02269048246810322,0.02269048246810322,0.04559196012746142,1.712468808976196e-11,0.03813487249849995,0.10998029694591845,Low
lag_312,49271.09935452243,49043.89075904894,10765.735506963654,9320.203223668463,-0.022565286412354613,0.022565286412354613,0.04567366614919521,1.5628750781979164e-11,0.03814952820547639,0.10994849756324507,Low
lag_313,49273.06389410899,49047.08595473487,10767.651187117286,9324.196793823749,-0.02243666264161439,0.02243666264161439,0.04575537217092901,1.4261154719691056e-11,0.038248032499734304,0.10991488338865259,Low
lag_314,49275.05719421522,49050.196339570226,10769.455567712499,9328.07333205399,-0.022319636638468796,0.022319636638468796,0.045837078192662806,1.3011097947586026e-11,0.0381052918201047,0.10987143103848587,Low
lag_315,49277.1345698178,49053.36383691478,10771.1406457474,9331.839622759291,-0.02220560296295371,0.02220560296295371,0.045837078192662806,1.3011097947586026e-11,0.037958299456103156,0.10982188198501276,Low
lag_316,49279.289484435,49056.54971811423,10772.734393188277,9335.607580946458,-0.02209760273362846,0.02209760273362846,0.045837078192662806,1.3011097947586026e-11,0.03807122335063156,0.1097624180428209,Low
lag_317,49281.51246016831,49059.83928425525,10774.276784715852,9339.334289799333,-0.021986226011448277,0.021986226011448277,0.045837078192662806,1.3011097947586026e-11,0.03795836183414315,0.10970300925523771,Low
lag_318,49283.771876787316,49063.24176811831,10775.761361989991,9342.9665438236,-0.021867483821010406,0.021867483821010406,0.045837078192662806,1.3011097947586026e-11,0.03795926296437933,0.1096473903395608,Low
lag_319,49286.07672195441,49066.73927608465,10777.170083324238,9346.36911293092,-0.02174419967721041,0.02174419967721041,0.045837078192662806,1.3011097947586026e-11,0.03789816723548602,0.10959841853831456,Low
lag_320,49288.43336873928,49070.29356973609,10778.449719389715,9349.597177665299,-0.021620799190324627,0.021620799190324627,0.045837078192662806,1.3011097947586026e-11,0.03793122886839109,0.109548732374147,Low
lag_321,49290.87825802762,49073.905221014786,10779.47332490024,9352.54966322254,-0.021501075638458902,0.021501075638458902,0.045837078192662806,1.3011097947586026e-11,0.037870054306470564,0.10949415481149054,Low
lag_322,49293.31947054498,49077.48680447749,10780.137514529451,9355.154069303115,-0.02138476047367011,0.02138476047367011,0.045837078192662806,1.3011097947586026e-11,0.037953157253028266,0.10943204174753861,Low
lag_323,49295.707002206065,49080.99689517117,10780.427861498636,9357.219248318726,-0.021271192937042663,0.021271192937042663,0.045837078192662806,1.3011097947586026e-11,0.037766926473639065,0.10936878747921551,Low
lag_324,49297.8999918294,49084.30778658387,10780.37379075301,9358.65829881509,-0.021159105384339627,0.021159105384339627,0.045837078192662806,1.3011097947586026e-11,0.037769616644980374,0.10930689903563222,Low
lag_325,49299.953672685675,49087.447585587055,10780.04566030826,9359.545686559237,-0.021051018682837822,0.021051018682837822,0.045837078192662806,1.3011097947586026e-11,0.037687794201718874,0.1092472491571944,Low
lag_326,49301.79859465643,49090.41572023858,10779.418768979182,9359.894379351459,-0.020940111351724286,0.020940111351724286,0.045837078192662806,1.3011097947586026e-11,0.03759024536094539,0.1091846186605929,Low
lag_327,49303.59792466705,49093.334586159,10778.642099903063,9359.997015769439,-0.020829964820596857,0.020829964820596857,0.045837078192662806,1.3011097947586026e-11,0.0376021252687901,0.1091201542748157,Low
lag_328,49305.28891249285,49096.159653566465,10777.7595262249,9359.843462654644,-0.020718729272685858,0.020718729272685858,0.045837078192662806,1.3011097947586026e-11,0.03743436545976024,0.10905469017537475,Low
lag_329,49307.00759866002,49099.00204265054,10776.837351004171,9359.702074401623,-0.020608541485441025,0.020608541485441025,0.045837078192662806,1.3011097947586026e-11,0.037274841564657095,0.10898656045724349,Low
lag_330,49308.71035215296,49101.87703243729,10775.959798758502,9359.650795976693,-0.020493399478093224,0.020493399478093224,0.045837078192662806,1.3011097947586026e-11,0.03717021193987641,0.10891689137047221,Low
lag_331,49310.43778086445,49104.83266606749,10775.166974631285,9359.786154537565,-0.0203724344654487,0.0203724344654487,0.045837078192662806,1.3011097947586026e-11,0.03698706785062798,0.10884652944447276,Low
lag_332,49312.1695399951,49107.81060544162,10774.516883825627,9360.239582842161,-0.020249230787938215,0.020249230787938215,0.045837078192662806,1.3011097947586026e-11,0.03681277522646166,0.1087732450188831,Low
lag_333,49313.93512541874,49110.85064139227,10774.022887507183,9361.046036451158,-0.020122729887030667,0.020122729887030667,0.045837078192662806,1.3011097947586026e-11,0.0366110698125526,0.10869793705044788,Low
lag_334,49315.611079336544,49113.85464498733,10773.687074165997,9362.184103048738,-0.01999044894425269,0.01999044894425269,0.045837078192662806,1.3011097947586026e-11,0.036435574262203826,0.108617857292066,Low
lag_335,49317.29218073372,49116.82114551843,10773.467378385969,9363.589322522474,-0.01986203696555498,0.01986203696555498,0.045837078192662806,1.3011097947586026e-11,0.03637752384838833,0.10853449435673439,Low
lag_336,49318.97001389002,49119.72309829234,10773.36869779452,9365.12956311938,-0.01973946071668508,0.01973946071668508,0.045837078192662806,1.3011097947586026e-11,0.03632815487222491,0.10845351982970629,Low
lag_672,49849.89345534766,50018.81624315712,10930.977454504262,10232.751314335997,0.0159547433976517,0.0159547433976517,0.04787972873600782,1.2449807412307964e-12,0.027232115846142983,0.08273528013249619,Low
lag_1440,50999.488602009966,51192.10928180407,11124.32852937764,10457.71258248461,0.01784158047136614,0.01784158047136614,0.04763461067080643,1.6588603688629746e-12,0.026615622382550885,0.08018032193806467,Low
lag_4320,53673.88356891903,53708.94676852684,10790.88596555008,10212.138295890834,0.003337604619175318,0.003337604619175318,0.033499468910858754,2.1116808098457207e-06,0.020163780071212913,0.07164458496902142,Low
lag_8640,53423.041751777106,52951.02528801373,10990.188537466058,10744.218300385644,-0.04343217121807512,0.04343217121807512,0.04412125173625292,8.630274857365152e-11,0.01304021044667783,0.05181337883772224,Low
lag_17472,47642.41637388676,48526.07565977613,8671.55880086047,10138.472222655375,0.09367176203118041,0.09367176203118041,0.05891004167007108,6.646319204550756e-19,0.03201942886473683,0.11684578188225926,Low
lag_17520,47753.98594656426,48658.284336955636,8825.516072189996,10284.719392746718,0.09436551905472639,0.09436551905472639,0.05891004167007108,6.646319204550756e-19,0.03257968826008088,0.11531675559450938,Low
lag_17568,47858.49571043386,48777.292916087914,8955.157744127211,10448.339716239976,0.09442510984806816,0.09442510984806816,0.05891004167007108,6.646319204550756e-19,0.03440741446676749,0.11626116841852915,Low
rolling_mean_6,48667.22347958712,48407.79083258436,10171.748486520148,8734.392345755523,-0.02736530229656497,0.02736530229656497,0.04542854808399377,2.0549722899579415e-11,0.041833582542545086,0.10982234924356903,Low
rolling_std_6,1503.550474568139,1438.3762767797302,878.544200843713,838.6615847723016,-0.07588680109254087,0.07588680109254087,0.04722608056213751,2.6676657818377965e-12,0.03410147941044205,0.07419873036767695,Low
rolling_mean_12,48674.79339270638,48413.40582019228,9948.216542484903,8483.825235275426,-0.028273212545174113,0.028273212545174113,0.05073943949669091,3.922822389593849e-14,0.04399849724039829,0.11692685517015819,Low
rolling_std_12,2524.394123086249,2405.632592362732,1239.3483392282455,1216.221209527082,-0.09672400757189567,0.09672400757189567,0.04420295775798677,7.899637600391393e-11,0.024240974764317268,0.09599867737474074,Low
rolling_mean_24,48689.14323746494,48424.896420595374,9546.653153859608,8008.181628231442,-0.029990354679332733,0.029990354679332733,0.05294550208350357,2.374884484135064e-15,0.06803524018940461,0.1312977919414495,Low
rolling_std_24,3788.192667914422,3648.38520072593,1357.560308835478,1389.1576931935222,-0.10179291598593714,0.10179291598593714,0.04232371925810932,5.797052114056231e-10,0.017213443289364208,0.10326874568591665,Moderate
rolling_mean_48,48718.349883909366,48448.7834790424,9251.106159017634,7596.879859274439,-0.03184669836188299,0.03184669836188299,0.09404363101560587,1.4753485874732363e-47,0.13880921681025488,0.1461630838859943,Moderate
rolling_std_48,4671.6134801935705,4578.075255058552,819.6333405651759,835.5974818119142,-0.11301611078602465,0.11301611078602465,0.08219625786420459,2.0411438317090098e-36,0.06458003657667255,0.13119183685593286,Moderate
rolling_mean_96,48775.05626651142,48491.94283387123,9233.364998527362,7491.671497879583,-0.03367295437813059,0.03367295437813059,0.09371680692867063,3.1366415080453783e-47,0.15948825347515055,0.15198570819335938,Moderate
rolling_std_96,4865.529774381476,4778.081218922565,692.9316889228714,736.6233530103028,-0.12228663947465038,0.12228663947465038,0.09371680692867068,3.1366415080449826e-47,0.05125678608914175,0.15524232227220167,Moderate
rolling_mean_336,48999.456872351846,48731.542251740146,9088.124196541105,7317.815257024272,-0.03247218307668295,0.03247218307668295,0.1609608628155895,5.396160675206877e-139,0.3186980013544267,0.1578897500200263,Large
rolling_std_336,5475.951390518767,5346.626897063354,650.6282246780371,656.7129353716842,-0.1978413847974389,0.1978413847974389,0.10793365471035216,1.526457390435394e-62,0.1660911328515097,0.2104687743113963,Moderate
hour_sin,2.114707452425728e-05,2.114707452425728e-05,0.7071317976855751,0.7071317976855751,0.0,0.0,0.0,1.0,0.0,0.0,Low
hour_cos,-7.892195655607161e-05,-7.892195655607161e-05,0.7070817590817153,0.7070817590817153,0.0,0.0,0.0,1.0,0.0,0.0,Low
dow_sin,0.003859010010935922,-0.003743901615536072,0.7066343266644857,0.7065908774198312,-0.010759660386618889,0.010759660386618889,0.003921889043222548,0.9999803046948409,0.0001571960988343776,0.010759329598888787,Low
dow_cos,-0.007866087693490734,-0.007921520975126991,0.7075246717151019,0.7075680636187638,-7.83457934961658e-05,7.83457934961658e-05,0.003921889043222493,0.999980304694841,0.0002105559565578334,7.834819597438963e-05,Low
month_sin,0.14473150774610943,0.14473150774610943,0.7360449458737086,0.7360449458737086,0.0,0.0,0.0,1.0,0.0,0.0,Low
month_cos,-0.335208339911299,-0.335208339911299,0.5700228040817474,0.5700228040817474,0.0,0.0,0.0,1.0,0.0,0.0,Low
diff_1,-2.5678568510499225,-1.7961434757741646,1067.498882813841,1027.0500197087472,0.0007367405130722436,0.0007367405130722436,0.03202876051965026,6.879808890924526e-06,0.022807932735799827,0.05959249282948643,Low
diff_day,-116.31930713293569,-90.30133180815426,3570.124794705507,3596.4814847855287,0.007260842401074907,0.007260842401074907,0.01290955143394068,0.2573082635721362,0.00282274793618098,0.025371510609507382,Low
diff_week,-657.9964049350438,-716.3085219380669,4698.368438995417,4261.364722334619,-0.013001030161668585,0.013001030161668585,0.03595064956287275,2.621419943174477e-07,0.026499220995023807,0.08823690529049397,Low
trend_3h,-12.337690987825804,-8.67162349865185,4279.509140846151,4096.013621776042,0.000875214140570587,0.000875214140570587,0.02679957512868697,0.0002984864235817439,0.016212320259224533,0.04477539613670739,Low
trend_6h,-28.030884876215378,-20.807173788708226,7039.224478505396,6772.412790533879,0.001045837426593486,0.001045837426593486,0.042650543345044534,4.1245037258989087e-10,0.024347017835458208,0.05112025702832781,Low
trend_12h,-54.36244791241114,-43.63363019854563,7817.679146954314,7853.741551159818,0.0013692171902425423,0.0013692171902425423,0.01045837078192663,0.5115209654264862,0.0015102034489253003,0.01783074567205662,Low
dev_mean_3h,-6.249870632132218,-4.3762562300841426,2222.4153167690492,2125.1734696295052,0.0008616941518134082,0.0008616941518134082,0.02957757986763626,4.3784583343121576e-05,0.013441362448392087,0.04657184793449568,Low
dev_mean_day,-57.376274954380804,-45.3689026881281,4892.07975418761,4810.700672303876,0.0024749503609329524,0.0024749503609329524,0.016749734455429377,0.06379260588238833,0.007669698959678559,0.026637140484554168,Low
dev_mean_week,-338.4832633968694,-328.1276753858664,5788.384382902878,5609.901458169942,0.001816820320502403,0.001816820320502403,0.014870495955551899,0.13216005881158988,0.003927273329796985,0.025431614349688523,Low
cv_day,0.09842631298681899,0.09595810486724629,0.021490290574556932,0.01923170499488725,-0.12103633266608398,0.12103633266608398,0.12002614592695482,2.763687986644882e-77,0.0973119215629312,0.15348212490279933,Moderate
cv_week,0.11433477039099947,0.11164547235031758,0.018190007506261156,0.018304829941705934,-0.14737891264512534,0.14737891264512534,0.1481330174033827,1.098180507994369e-117,0.18114334016711445,0.1615553396754697,Moderate
hour_1,0.04167007108423891,0.04167007108423891,0.1998341218612912,0.1998341218612912,0.0,0.0,0.0,1.0,0.0,0.0,Low
hour_2,0.04167007108423891,0.04167007108423891,0.1998341218612912,0.1998341218612912,0.0,0.0,0.0,1.0,0.0,0.0,Low
hour_3,0.04167007108423891,0.04167007108423891,0.1998341218612912,0.1998341218612912,0.0,0.0,0.0,1.0,0.0,0.0,Low
hour_4,0.04167007108423891,0.04167007108423891,0.1998341218612912,0.1998341218612912,0.0,0.0,0.0,1.0,0.0,0.0,Low
hour_5,0.04167007108423891,0.04167007108423891,0.1998341218612912,0.1998341218612912,0.0,0.0,0.0,1.0,0.0,0.0,Low
hour_6,0.04167007108423891,0.04167007108423891,0.1998341218612912,0.1998341218612912,0.0,0.0,0.0,1.0,0.0,0.0,Low
hour_7,0.04167007108423891,0.04167007108423891,0.1998341218612912,0.1998341218612912,0.0,0.0,0.0,1.0,0.0,0.0,Low
hour_8,0.04167007108423891,0.04167007108423891,0.1998341218612912,0.1998341218612912,0.0,0.0,0.0,1.0,0.0,0.0,Low
hour_9,0.04167007108423891,0.04167007108423891,0.1998341218612912,0.1998341218612912,0.0,0.0,0.0,1.0,0.0,0.0,Low
hour_10,0.04167007108423891,0.04167007108423891,0.1998341218612912,0.1998341218612912,0.0,0.0,0.0,1.0,0.0,0.0,Low
hour_11,0.04167007108423891,0.04167007108423891,0.1998341218612912,0.1998341218612912,0.0,0.0,0.0,1.0,0.0,0.0,Low
hour_12,0.04167007108423891,0.04167007108423891,0.1998341218612912,0.1998341218612912,0.0,0.0,0.0,1.0,0.0,0.0,Low
hour_13,0.04167007108423891,0.04167007108423891,0.1998341218612912,0.1998341218612912,0.0,0.0,0.0,1.0,0.0,0.0,Low
hour_14,0.04167007108423891,0.04167007108423891,0.1998341218612912,0.1998341218612912,0.0,0.0,0.0,1.0,0.0,0.0,Low
hour_15,0.04167007108423891,0.04167007108423891,0.1998341218612912,0.1998341218612912,0.0,0.0,0.0,1.0,0.0,0.0,Low
hour_16,0.04167007108423891,0.04167007108423891,0.1998341218612912,0.1998341218612912,0.0,0.0,0.0,1.0,0.0,0.0,Low
hour_17,0.04167007108423891,0.04167007108423891,0.1998341218612912,0.1998341218612912,0.0,0.0,0.0,1.0,0.0,0.0,Low
hour_18,0.04167007108423891,0.04167007108423891,0.1998341218612912,0.1998341218612912,0.0,0.0,0.0,1.0,0.0,0.0,Low
hour_19,0.04167007108423891,0.04167007108423891,0.1998341218612912,0.1998341218612912,0.0,0.0,0.0,1.0,0.0,0.0,Low
hour_20,0.04167007108423891,0.04167007108423891,0.1998341218612912,0.1998341218612912,0.0,0.0,0.0,1.0,0.0,0.0,Low
hour_21,0.04167007108423891,0.04167007108423891,0.1998341218612912,0.1998341218612912,0.0,0.0,0.0,1.0,0.0,0.0,Low
hour_22,0.04167007108423891,0.04167007108423891,0.1998341218612912,0.1998341218612912,0.0,0.0,0.0,1.0,0.0,0.0,Low
hour_23,0.04158836506250511,0.04158836506250511,0.19964662019160984,0.19964662019160984,0.0,0.0,0.0,1.0,0.0,0.0,Low
dayofweek_1,0.14118800555600947,0.14118800555600947,0.34821538254810874,0.34821538254810874,0.0,0.0,0.0,1.0,0.0,0.0,Low
dayofweek_2,0.14510989459923196,0.14118800555600947,0.3522116027172185,0.34821538254810874,-0.011198384115099389,0.011198384115099389,0.003921889043222437,0.999980304694841,0.0,0.011135036475136282,Low
dayofweek_3,0.14510989459923196,0.14510989459923196,0.3522116027172185,0.3522116027172185,0.0,0.0,0.0,1.0,0.0,0.0,Low
dayofweek_4,0.14502818857749816,0.14510989459923196,0.35212925623331526,0.3522116027172185,0.00023200704640970017,0.00023200704640970017,8.170602173385166e-05,1.0,0.0,0.00023203417576787358,Low
dayofweek_5,0.14118800555600947,0.14502818857749816,0.34821538254810874,0.35212925623331526,0.010966380959609865,0.010966380959609865,0.0038401830214885857,0.9999884220765356,0.0,0.011028183170391772,Low
dayofweek_6,0.14118800555600947,0.14118800555600947,0.34821538254810874,0.34821538254810874,0.0,0.0,0.0,1.0,0.0,0.0,Low
month_2,0.10981289321022959,0.10981289321022959,0.31265639557672303,0.31265639557672303,0.0,0.0,0.0,1.0,0.0,0.0,Low
month_3,0.12157856033989706,0.12157856033989706,0.32679843023731775,0.32679843023731775,0.0,0.0,0.0,1.0,0.0,0.0,Low
month_4,0.11765667129667456,0.11765667129667456,0.322201146795074,0.322201146795074,0.0,0.0,0.0,1.0,0.0,0.0,Low
month_5,0.12157856033989706,0.12157856033989706,0.32679843023731775,0.32679843023731775,0.0,0.0,0.0,1.0,0.0,0.0,Low
month_6,0.11765667129667456,0.11765667129667456,0.322201146795074,0.322201146795074,0.0,0.0,0.0,1.0,0.0,0.0,Low
month_7,0.12157856033989706,0.12157856033989706,0.32679843023731775,0.32679843023731775,0.0,0.0,0.0,1.0,0.0,0.0,Low
month_8,0.12157856033989706,0.12157856033989706,0.32679843023731775,0.32679843023731775,0.0,0.0,0.0,1.0,0.0,0.0,Low
month_9,0.10188740910205082,0.10188740910205082,0.3025001900305554,0.3025001900305554,0.0,0.0,0.0,1.0,0.0,0.0,Low
month_10,0.0,0.0,0.0,0.0,0.0,0.0,0.0,1.0,0.0,0.0,Low
month_11,0.0,0.0,0.0,0.0,0.0,0.0,0.0,1.0,0.0,0.0,Low
month_12,0.0,0.0,0.0,0.0,0.0,0.0,0.0,1.0,0.0,0.0,Low
lag336_hour_sin,-768.6009365379989,-988.9826016749832,35813.757735995125,35513.43072485225,-0.006179402731852602,0.006179402731852602,0.013971729716480114,0.18153722653059257,0.003608228995707799,0.01601818480860905,Low
lag336_hour_cos,-2273.852867210807,-2231.4044865651713,35497.040424459075,35118.25500461217,0.001202225940199508,0.001202225940199508,0.013726611651278753,0.19725895193959875,0.0033476748156062467,0.013641937357070786,Low
lag336_dow_sin,1549.6419752805061,1102.138593603249,35285.913021052,34794.97317284961,-0.012770740378556597,0.012770740378556597,0.01560585015115612,0.10041961238438424,0.007658573271111373,0.021739099611886446,Low
lag336_dow_cos,-832.6119999745972,-880.7599248909077,36058.785137692896,35885.543654273926,-0.0013384734039253625,0.0013384734039253625,0.01764850069450119,0.04366786163669267,0.010437281343643273,0.017738966192554256,Low
temp_lag_1h,15.628799738540733,16.400805852070715,7.325828100291849,7.487865038523912,0.10422248204814967,0.10422248204814967,0.059972219952610595,1.412525432433615e-19,0.06030419764038869,0.11657836997150217,Moderate
temp_lag_24h,15.582407059400278,16.36529407221835,7.387319551881926,7.495105512713617,0.10520684331042011,0.10520684331042011,0.05948198382220771,2.896793669016754e-19,0.06837729985466667,0.11907507084800609,Moderate
temp_lag_7d,15.333844268322574,16.06139415275037,7.571733894237317,7.6361761480218195,0.09567959708597558,0.09567959708597558,0.05588691886592034,4.68719936718223e-17,0.08141134724358247,0.11584804952911262,Low
temp_mean_24h,15.60523606231446,16.381178803183037,6.713289685766454,6.73763267692541,0.11537371925106298,0.11537371925106298,0.10090693684124519,1.057610108002212e-54,0.25163733473376865,0.15039545345722055,Large
temp_mean_7d,15.4784960839471,16.240120575418363,6.627192759788066,6.635782187643911,0.11484969771422991,0.11484969771422991,0.11651278699240142,7.72295403324135e-73,0.3257833544983141,0.1668310102797275,Large
heating_degree,2.725278209004004,2.5108741249003246,3.99077973025791,3.476379291680248,-0.05729010141178988,0.05729010141178988,0.0447748999101234,4.233431143610845e-11,0.028200316287696543,0.0734037073740986,Low
cooling_degree,0.7660429773674319,1.0931558411620679,2.0463601005282284,2.4201033471983218,0.14596498212556247,0.14596498212556247,0.059972219952610595,1.412525432433615e-19,0.022301754053601262,0.16155802949446826,Moderate
temp_squared,297.9271386224365,325.0545554324658,238.8910409608615,263.32647970963666,0.1079029025651393,0.1079029025651393,0.059972219952610595,1.412525432433615e-19,0.06059062186563237,0.1225651918454539,Moderate
temp_cubic,6342.962721733475,7254.545064178993,7119.974567263847,8106.477563595903,0.11948615674660694,0.11948615674660694,0.059972219952610595,1.412525432433615e-19,0.06059062186563237,0.13477601518963978,Moderate
temp_hour_sin,-1.6056194005417357,-1.992620257699071,11.985095565414356,12.547387488011802,-0.03154179238898452,0.03154179238898452,0.02778004738949258,0.00015491369587603573,0.028015251620860715,0.05247526613854353,Low
temp_hour_cos,-1.0254615782846264,-0.730410066706353,12.274161388966156,12.771593021280156,0.023556354625009674,0.023556354625009674,0.027616635346024987,0.00017309029189180883,0.010746817598376273,0.043981425702414374,Low
temp_month_sin,-1.1661143572585622,-1.3905229458232335,11.723900174461127,12.408090530399734,-0.01859096099996468,0.01859096099996468,0.03595064956287275,2.621419943174477e-07,0.02733027743606148,0.05604990831292331,Low
temp_month_cos,-8.140250689939984,-8.159452029246685,9.63606762805419,10.128357879806156,-0.0019424177831241297,0.0019424177831241297,0.04836996486641065,6.981457331370331e-13,0.06059078998306897,0.048196815560070556,Low
